scorer,DLC_resnet50_Week6_BelowKnee3Feb13shuffle1_1030000,DLC_resnet50_Week6_BelowKnee3Feb13shuffle1_1030000,DLC_resnet50_Week6_BelowKnee3Feb13shuffle1_1030000,DLC_resnet50_Week6_BelowKnee3Feb13shuffle1_1030000,DLC_resnet50_Week6_BelowKnee3Feb13shuffle1_1030000,DLC_resnet50_Week6_BelowKnee3Feb13shuffle1_1030000,DLC_resnet50_Week6_BelowKnee3Feb13shuffle1_1030000,DLC_resnet50_Week6_BelowKnee3Feb13shuffle1_1030000,DLC_resnet50_Week6_BelowKnee3Feb13shuffle1_1030000,DLC_resnet50_Week6_BelowKnee3Feb13shuffle1_1030000,DLC_resnet50_Week6_BelowKnee3Feb13shuffle1_1030000,DLC_resnet50_Week6_BelowKnee3Feb13shuffle1_1030000,DLC_resnet50_Week6_BelowKnee3Feb13shuffle1_1030000,DLC_resnet50_Week6_BelowKnee3Feb13shuffle1_1030000,DLC_resnet50_Week6_BelowKnee3Feb13shuffle1_1030000,DLC_resnet50_Week6_BelowKnee3Feb13shuffle1_1030000,DLC_resnet50_Week6_BelowKnee3Feb13shuffle1_1030000,DLC_resnet50_Week6_BelowKnee3Feb13shuffle1_1030000,DLC_resnet50_Week6_BelowKnee3Feb13shuffle1_1030000,DLC_resnet50_Week6_BelowKnee3Feb13shuffle1_1030000,DLC_resnet50_Week6_BelowKnee3Feb13shuffle1_1030000,DLC_resnet50_Week6_BelowKnee3Feb13shuffle1_1030000,DLC_resnet50_Week6_BelowKnee3Feb13shuffle1_1030000,DLC_resnet50_Week6_BelowKnee3Feb13shuffle1_1030000
bodyparts,Right_Hip,Right_Hip,Right_Hip,Right_Knee,Right_Knee,Right_Knee,Right_Ankle,Right_Ankle,Right_Ankle,Right_Toe,Right_Toe,Right_Toe,Left_Hip,Left_Hip,Left_Hip,Left_Knee,Left_Knee,Left_Knee,Left_Ankle,Left_Ankle,Left_Ankle,Left_Toe,Left_Toe,Left_Toe
coords,x,y,likelihood,x,y,likelihood,x,y,likelihood,x,y,likelihood,x,y,likelihood,x,y,likelihood,x,y,likelihood,x,y,likelihood
0,544.8208618164062,297.38458251953125,0.9996852874755859,585.2766723632812,416.60809326171875,0.9999958276748657,624.4331665039062,544.0211791992188,0.9999990463256836,685.3661499023438,543.2462768554688,0.9999934434890747,549.445068359375,299.50787353515625,0.014312961138784885,491.4497375488281,426.0784912109375,0.9999880790710449,438.8780822753906,524.753173828125,0.9999980926513672,486.439453125,550.6738891601562,0.9999984502792358
1,547.5357666015625,299.48663330078125,0.9999760389328003,585.4401245117188,420.8481750488281,0.9999972581863403,617.788330078125,546.5328979492188,0.9999994039535522,677.696044921875,551.1832885742188,0.9999994039535522,619.7040405273438,539.1073608398438,0.0026722855400294065,492.3678283691406,427.5567321777344,0.9999768733978271,434.1863098144531,523.88232421875,0.9999990463256836,479.1380310058594,552.7774047851562,0.9999959468841553
2,551.0494384765625,301.71099853515625,0.9998321533203125,585.8171997070312,423.26837158203125,0.9999963045120239,609.68115234375,550.0975341796875,0.9999997615814209,670.6364135742188,558.8189697265625,0.999991774559021,556.580078125,304.3865661621094,0.0017776840832084417,496.3531799316406,430.1595458984375,0.9999983310699463,432.12939453125,521.9672241210938,0.9999955892562866,471.25347900390625,556.9744873046875,0.9999980926513672
3,550.172119140625,306.6201171875,0.9989657402038574,584.590087890625,426.5048828125,0.9999918937683105,600.3502197265625,553.5001220703125,0.9999978542327881,661.6665649414062,565.6369018554688,0.9999997615814209,603.29736328125,539.434326171875,0.001447692746296525,499.9892883300781,433.59100341796875,0.9999974966049194,431.93878173828125,520.0708618164062,0.9999963045120239,463.31524658203125,560.5465087890625,0.9999969005584717
4,548.4203491210938,307.07757568359375,0.9933633804321289,584.507080078125,430.3893127441406,0.999991774559021,591.7762451171875,556.7655639648438,0.9999964237213135,652.3966674804688,570.924072265625,0.9999858140945435,585.17578125,546.0660400390625,0.0017519829561933875,513.8646240234375,435.3770446777344,0.999983549118042,435.1151428222656,516.6712646484375,0.9999996423721313,453.6760559082031,566.2945556640625,0.9999992847442627
5,547.116455078125,310.5325927734375,0.9999268054962158,582.2051391601562,435.1920471191406,0.9999994039535522,583.0506591796875,560.1133422851562,0.9999994039535522,643.9093017578125,576.2142944335938,0.9999997615814209,538.8076782226562,445.47613525390625,0.001686970703303814,526.18603515625,438.54833984375,0.9999396800994873,442.568115234375,515.365966796875,0.9999984502792358,447.4544372558594,569.68408203125,0.9999966621398926
6,548.4041748046875,314.87530517578125,0.9999421834945679,577.674072265625,439.1266174316406,0.999998927116394,573.4124145507812,563.5004272460938,0.9999990463256836,633.8533325195312,580.0807495117188,0.9999990463256836,571.5271606445312,555.8729248046875,0.001977583160623908,539.021484375,442.9021911621094,0.9998979568481445,451.9005432128906,515.2024536132812,0.9999995231628418,450.3177185058594,569.6007080078125,0.9999985694885254
7,550.0884399414062,315.93878173828125,0.9999064207077026,572.3848266601562,443.4886779785156,0.999985933303833,563.78564453125,566.5786743164062,0.9999997615814209,623.8185424804688,584.3900146484375,0.9999980926513672,552.0157470703125,561.6983642578125,0.001271741115488112,544.3099365234375,451.142822265625,0.9960346817970276,464.6814270019531,515.1275024414062,0.9999997615814209,470.3648376464844,569.4843139648438,0.9999978542327881
8,551.088134765625,319.0450744628906,0.9996693134307861,567.2258911132812,446.82421875,0.9999954700469971,552.7647094726562,570.4407348632812,0.9999920129776001,614.3876953125,587.6485595703125,0.999998927116394,556.22509765625,321.62030029296875,0.0021989764645695686,543.8875732421875,453.48431396484375,0.1148710697889328,479.6221008300781,521.103271484375,0.9999973773956299,495.0086669921875,571.5635375976562,0.9999909400939941
9,550.77783203125,320.9389953613281,0.9996938705444336,559.90234375,449.7662353515625,0.9999969005584717,541.60107421875,571.8579711914062,0.9999747276306152,604.5045776367188,590.9683227539062,0.9999918937683105,556.2504272460938,322.8479309082031,0.0018376983935013413,581.6316528320312,447.9930419921875,0.007089963648468256,501.71270751953125,526.71044921875,0.999997615814209,514.76220703125,571.99169921875,0.9591591954231262
10,550.2728881835938,322.2752380371094,0.9997847676277161,552.4454956054688,453.3488464355469,0.9999958276748657,534.1588745117188,575.2824096679688,0.9999903440475464,594.1300048828125,593.9278564453125,0.9999997615814209,557.0016479492188,324.416748046875,0.0018301628297194839,592.1671752929688,444.96337890625,0.9968056678771973,526.2239379882812,533.3389892578125,0.9999719858169556,533.7174072265625,567.8861083984375,0.0035948948934674263
11,554.359130859375,326.8458557128906,0.9998433589935303,548.0037231445312,453.8493347167969,0.9999996423721313,523.4051513671875,577.0204467773438,0.9999867677688599,584.4987182617188,594.0203247070312,0.9999775886535645,523.6533203125,569.4559326171875,0.0023942592088133097,602.0242919921875,444.4974670410156,0.9997593760490417,550.5891723632812,546.230224609375,0.9996836185455322,585.3272705078125,580.9895629882812,0.9911916851997375
12,555.7647094726562,328.737548828125,0.9998006224632263,544.2684326171875,456.15087890625,0.9999978542327881,514.4140014648438,575.9885864257812,0.9999983310699463,568.8919067382812,598.10546875,0.9999492168426514,571.7481079101562,604.28662109375,0.0016414929414168,606.4817504882812,443.62738037109375,0.9999707937240601,572.6982421875,554.1464233398438,0.9999923706054688,619.5891723632812,574.22021484375,0.9999841451644897
13,555.6282348632812,329.2848815917969,0.9995680451393127,539.0310668945312,457.5987243652344,0.9999909400939941,504.1039733886719,576.35107421875,0.9999984502792358,559.57177734375,598.21826171875,0.9999973773956299,507.8621826171875,570.357666015625,0.003725515678524971,610.3102416992188,443.8990478515625,0.9999936819076538,601.2562255859375,558.6017456054688,0.9999901056289673,649.997314453125,571.3322143554688,0.9999765157699585
14,553.3657836914062,332.6302490234375,0.9997813105583191,532.5787353515625,457.1096496582031,0.9999895095825195,494.1285705566406,574.9574584960938,0.9999885559082031,551.6583251953125,597.1504516601562,0.9999992847442627,490.90985107421875,570.3993530273438,0.0027206591330468655,612.343505859375,444.210693359375,0.9999970197677612,625.6443481445312,559.2368774414062,0.9999992847442627,678.9998779296875,562.0980834960938,0.9999991655349731
15,551.3671264648438,332.8932189941406,0.9998849630355835,530.6028442382812,457.8597106933594,0.9999984502792358,484.30908203125,572.1160278320312,0.9999986886978149,541.6694946289062,596.389892578125,0.9999991655349731,557.8888549804688,333.9051818847656,0.002435625996440649,612.6353759765625,445.7859802246094,0.999997615814209,645.9008178710938,556.7474975585938,0.9999986886978149,701.1815185546875,546.687744140625,0.999988317489624
16,550.59765625,333.2635803222656,0.9999412298202515,529.6423950195312,457.41326904296875,0.9999988079071045,474.94305419921875,569.644775390625,0.9999891519546509,530.7971801757812,596.6494750976562,0.9999998807907104,476.28033447265625,556.072998046875,0.0023619842249900103,615.707275390625,448.80572509765625,0.9999954700469971,658.5874633789062,554.2249755859375,0.999998927116394,714.2499389648438,536.7772216796875,0.9998922348022461
17,550.6738891601562,333.00970458984375,0.9999369382858276,528.0145874023438,457.70574951171875,0.999997615814209,465.543701171875,566.4146118164062,0.9999996423721313,519.887451171875,595.806640625,0.9999996423721313,558.603271484375,335.1051330566406,0.001929796184413135,619.847412109375,448.4468994140625,0.999992847442627,661.4053344726562,554.994140625,0.9999988079071045,716.88525390625,535.9507446289062,0.9999463558197021
18,551.39697265625,333.4530334472656,0.9999102354049683,528.6351928710938,457.370361328125,0.9999983310699463,456.54931640625,562.8029174804688,0.9999992847442627,508.8172607421875,595.6632690429688,0.9999995231628418,460.3971252441406,554.39404296875,0.004785821307450533,625.1546020507812,447.2926330566406,0.9999971389770508,655.2498779296875,557.6868896484375,0.9999943971633911,711.0913696289062,546.0596313476562,0.9999914169311523
19,553.0055541992188,333.834716796875,0.9999051094055176,530.7898559570312,457.6158752441406,0.9999990463256836,449.1526184082031,556.6997680664062,0.9999982118606567,497.81451416015625,594.635009765625,0.9999998807907104,559.2681274414062,334.8140563964844,0.0023964401334524155,626.8692016601562,447.17706298828125,0.9999988079071045,650.8095092773438,558.20361328125,0.999993085861206,705.72607421875,556.3374633789062,0.9999866485595703
20,555.5650634765625,333.53240966796875,0.9998693466186523,535.4502563476562,457.857421875,0.9999971389770508,445.098388671875,548.6141357421875,0.9999995231628418,485.65826416015625,594.7394409179688,0.9999998807907104,443.97552490234375,540.0198364257812,0.0015517916763201356,627.8755493164062,446.5578918457031,0.9999982118606567,640.8909912109375,557.714599609375,0.9999985694885254,696.6948852539062,562.6303100585938,0.9999974966049194
21,558.1970825195312,333.44110107421875,0.9998922348022461,545.1011962890625,458.9647216796875,0.9999990463256836,449.5320739746094,538.0892944335938,0.9999992847442627,477.9873352050781,592.82958984375,0.9999990463256836,441.37176513671875,529.931640625,0.0024066176265478134,624.7423706054688,446.3603210449219,0.9999980926513672,630.4708251953125,557.556640625,0.999998927116394,685.3245849609375,565.1307373046875,0.9999977350234985
22,558.8619384765625,334.39215087890625,0.9999368190765381,554.8306884765625,458.0256652832031,0.9999929666519165,459.8177185058594,528.4056396484375,0.9999982118606567,482.04583740234375,587.7230834960938,0.9999992847442627,573.5193481445312,335.4858093261719,0.0021517169661819935,620.729248046875,446.0503234863281,0.999974250793457,619.0317993164062,558.205322265625,0.9999940395355225,674.1851806640625,567.1495971679688,0.9999991655349731
23,560.0394897460938,332.0576171875,0.999907374382019,565.2042846679688,455.990234375,0.9999977350234985,472.271728515625,524.562744140625,0.999992847442627,492.3981018066406,584.84912109375,0.999985933303833,576.8963012695312,331.0378112792969,0.014002211391925812,613.7009887695312,447.7301025390625,0.9999853372573853,607.0589599609375,558.1809692382812,0.9999972581863403,662.6888427734375,569.1026000976562,0.9999957084655762
24,562.9274291992188,327.84185791015625,0.99979168176651,583.0057983398438,450.9264221191406,0.9999843835830688,488.4994812011719,525.7822265625,0.9999867677688599,512.3167114257812,584.8853149414062,0.9999895095825195,577.26025390625,327.5544738769531,0.06646057218313217,608.0113525390625,452.7140197753906,0.9988541603088379,595.216796875,559.4700317382812,0.9999990463256836,650.1630249023438,571.4664916992188,0.9999762773513794
25,562.8944702148438,325.830810546875,0.9997608065605164,595.5968017578125,446.10443115234375,0.9999905824661255,507.4402160644531,530.6067504882812,0.9999986886978149,532.855712890625,585.6883544921875,0.9999954700469971,572.0806884765625,326.3128356933594,0.11165055632591248,601.7496948242188,452.2015075683594,0.06283225119113922,584.0554809570312,560.38232421875,0.9999954700469971,638.0844116210938,572.3419189453125,0.9999802112579346
26,560.6321411132812,323.7310791015625,0.9989839196205139,606.9954833984375,440.40863037109375,0.9999910593032837,531.6085205078125,536.3346557617188,0.9999996423721313,562.0791625976562,586.9863891601562,0.9999997615814209,566.0736694335938,323.8306579589844,0.052679672837257385,581.2174072265625,450.4689636230469,0.02368966117501259,569.8238525390625,555.9055786132812,0.9999977350234985,625.6121826171875,573.9348754882812,0.9999949932098389
27,558.6253051757812,324.718017578125,0.3514356315135956,615.1658935546875,438.1086120605469,0.9999957084655762,551.2518310546875,547.6924438476562,0.9999752044677734,597.0425415039062,587.5020751953125,0.9999884366989136,555.678955078125,539.0130615234375,0.005287717562168837,575.7202758789062,449.66534423828125,0.9999842643737793,560.8856811523438,548.2110595703125,0.5907285809516907,612.4856567382812,577.2520141601562,0.9994137287139893
28,564.2783203125,323.6607971191406,0.526440441608429,618.0751342773438,437.04864501953125,0.9999960660934448,574.5800170898438,554.2978515625,0.9999741315841675,625.5302124023438,588.8981323242188,0.9999983310699463,569.5256958007812,552.5950927734375,0.00240386463701725,567.9972534179688,452.710205078125,0.9999891519546509,546.8550415039062,554.3943481445312,0.9999921321868896,526.9002685546875,582.9436645507812,0.8065086603164673
29,568.1762084960938,323.560546875,0.9994731545448303,619.207275390625,435.64605712890625,0.999993085861206,599.7852172851562,563.0087280273438,0.9999996423721313,658.06884765625,586.3533325195312,0.9999973773956299,572.1338500976562,323.58782958984375,0.0030788276344537735,556.6610107421875,453.7994079589844,0.9999858140945435,534.45263671875,558.446044921875,0.9999988079071045,513.7031860351562,584.1380615234375,0.9267744421958923
30,566.033203125,326.406494140625,0.9999819993972778,617.5360717773438,437.1918029785156,0.9999901056289673,626.5109252929688,565.3448486328125,0.9999998807907104,686.6719970703125,577.1282348632812,0.9999947547912598,571.612548828125,326.9574279785156,0.0025664125569164753,546.6167602539062,454.3122863769531,0.9999982118606567,519.2101440429688,559.671142578125,0.9999980926513672,568.8778686523438,576.9295043945312,0.9999945163726807
31,563.3933715820312,329.363525390625,0.9999876022338867,614.810302734375,439.66021728515625,0.9999973773956299,650.3331909179688,565.693359375,0.9999992847442627,711.1189575195312,565.3878173828125,0.9999994039535522,651.6756591796875,555.77734375,0.0018632952123880386,537.8530883789062,453.9779968261719,0.9999922513961792,505.8529052734375,556.4450073242188,0.9999921321868896,556.3589477539062,576.4758911132812,0.9999936819076538
32,558.9388427734375,331.19580078125,0.9999775886535645,611.4226684570312,441.3090515136719,0.9999980926513672,669.3515625,562.8216552734375,0.9999990463256836,728.3456420898438,550.5713500976562,0.9999988079071045,667.2241821289062,555.7184448242188,0.0026057877112179995,529.3084106445312,455.3662414550781,0.9999979734420776,491.79351806640625,555.2987670898438,0.9999890327453613,540.7039794921875,575.5674438476562,0.9999895095825195
33,556.3159790039062,333.59344482421875,0.999970555305481,611.1143188476562,443.1647033691406,0.9999974966049194,676.1355590820312,560.6492919921875,0.9999997615814209,734.6513671875,543.4117431640625,0.9999860525131226,559.1563720703125,334.9789733886719,0.00209589465521276,522.8527221679688,453.8007507324219,0.9999947547912598,478.1193542480469,550.8724975585938,0.9999982118606567,524.6907348632812,573.8579711914062,0.9999849796295166
34,553.9790649414062,333.29638671875,0.9999741315841675,612.4074096679688,444.0829162597656,0.9999982118606567,673.1243286132812,563.212890625,0.9999997615814209,731.3334350585938,549.6102294921875,0.9999986886978149,557.2742919921875,334.87408447265625,0.0012395255034789443,516.6790161132812,454.20928955078125,0.9999990463256836,466.5526428222656,549.3856201171875,0.9999995231628418,513.1593627929688,574.5390625,0.9999969005584717
35,554.810791015625,332.61029052734375,0.9999595880508423,612.8570556640625,445.8072509765625,0.9999978542327881,660.59521484375,567.0149536132812,0.9999997615814209,721.2424926757812,562.4288940429688,0.9999996423721313,557.958740234375,334.41827392578125,0.0032244515605270863,515.4436645507812,453.9714660644531,0.9999985694885254,457.54351806640625,544.2982177734375,0.9999940395355225,499.1593322753906,574.8896484375,0.9999974966049194
36,555.9610595703125,333.279541015625,0.9999573230743408,611.1122436523438,447.16619873046875,0.9999979734420776,649.9488525390625,568.5677490234375,0.9999964237213135,709.549072265625,572.02734375,0.9999994039535522,558.7542114257812,334.74261474609375,0.004806227516382933,515.3765258789062,453.6297912597656,0.999998927116394,451.5870361328125,538.916748046875,0.9999979734420776,485.7416076660156,576.7428588867188,0.9999990463256836
37,558.2789306640625,333.84814453125,0.9999423027038574,609.0325317382812,446.70684814453125,0.9999939203262329,635.321533203125,568.7728271484375,0.9999971389770508,696.1983032226562,578.5933227539062,0.999998927116394,635.7362060546875,556.2244262695312,0.0020119212567806244,523.3023071289062,453.6882629394531,0.9999932050704956,449.4073181152344,531.3751831054688,0.9999995231628418,469.8232727050781,579.6141357421875,0.9999997615814209
38,562.7798461914062,331.7004699707031,0.9999780654907227,607.0621337890625,446.76611328125,0.9999891519546509,620.4660034179688,568.7227783203125,0.9999969005584717,680.978515625,582.272705078125,0.9999974966049194,562.891357421875,332.25189208984375,0.003018695395439863,535.3345336914062,454.6194152832031,0.9999964237213135,454.17706298828125,526.1624145507812,0.999996542930603,455.219970703125,577.9176635742188,0.9999996423721313
39,560.77587890625,331.9677734375,0.9999525547027588,602.4000244140625,447.0943603515625,0.9999840259552002,605.94580078125,569.33984375,0.9999935626983643,665.6149291992188,584.8334350585938,0.9999915361404419,562.6989135742188,333.0687561035156,0.0034454260021448135,546.3406372070312,455.65435791015625,0.9999972581863403,462.4422607421875,523.642822265625,0.999993085861206,452.9066162109375,574.9288940429688,0.9999985694885254
40,557.9222412109375,331.9928283691406,0.7586336135864258,595.9714965820312,447.3485412597656,0.9999961853027344,589.4244995117188,567.5321655273438,0.9999979734420776,649.0713500976562,585.04638671875,0.9999889135360718,557.6915283203125,334.6161193847656,0.00418161042034626,550.6771240234375,453.60028076171875,0.9999935626983643,471.363525390625,519.6620483398438,0.9999977350234985,469.06982421875,570.8596801757812,0.9999979734420776
41,545.74951171875,325.83111572265625,0.7109817266464233,587.9588623046875,447.0216369628906,0.9999905824661255,575.4515991210938,569.0049438476562,0.999992847442627,634.4786987304688,587.3812866210938,0.9999827146530151,550.588134765625,328.9141540527344,0.007574272807687521,557.80322265625,455.55499267578125,0.99978107213974,483.77655029296875,521.3159790039062,0.9999991655349731,494.7379150390625,572.0648803710938,0.9999884366989136
42,548.0343017578125,323.6430358886719,0.999083399772644,583.59326171875,446.66656494140625,0.9999921321868896,558.0057983398438,566.7725219726562,0.9999980926513672,618.5025024414062,587.021728515625,0.9999810457229614,554.2075805664062,327.1770935058594,0.08456405997276306,548.2935180664062,452.8740234375,0.99924635887146,499.3869934082031,521.972900390625,0.9999985694885254,516.40185546875,569.732421875,0.9999963045120239
43,547.6519775390625,323.684814453125,0.9982526898384094,575.11962890625,448.4599304199219,0.9999961853027344,545.7410888671875,567.9978637695312,0.9999986886978149,605.1761474609375,589.7821044921875,0.99997878074646,553.9227905273438,328.5830383300781,0.37513214349746704,546.05908203125,454.1632385253906,0.6338378190994263,521.7731323242188,527.585693359375,0.9999628067016602,523.0992431640625,569.4098510742188,0.001388826873153448
44,540.3410034179688,321.8568115234375,0.9959319233894348,564.9779663085938,450.0301208496094,0.9999988079071045,532.7666625976562,567.8453979492188,0.9999990463256836,591.080322265625,590.3388671875,0.9999914169311523,550.1002807617188,324.7457580566406,0.006791526917368174,600.5795288085938,439.8930969238281,0.9976869821548462,540.8269653320312,532.74169921875,0.9992343187332153,589.065673828125,587.9237670898438,0.003443893976509571
45,540.0222778320312,321.2327880859375,0.9981521964073181,554.5646362304688,451.53607177734375,0.9999909400939941,517.8888549804688,565.77685546875,0.9999998807907104,572.7935791015625,590.1046142578125,0.9999511241912842,549.2740478515625,324.0237121582031,0.004459911957383156,602.161865234375,437.2030944824219,0.9999586343765259,562.5066528320312,543.384033203125,0.9999964237213135,603.625,569.3936157226562,0.9999871253967285
46,539.6671752929688,321.3536071777344,0.9977231621742249,546.0850830078125,453.2143859863281,0.9999996423721313,506.02716064453125,566.6163940429688,0.9999974966049194,558.177978515625,592.7550048828125,0.999972939491272,508.1220397949219,556.2203979492188,0.0037603320088237524,603.784423828125,437.8102722167969,0.9999861717224121,588.1304931640625,552.2175903320312,0.9999978542327881,636.6597900390625,566.4863891601562,0.9999957084655762
47,539.3701171875,325.03961181640625,0.999293327331543,539.69189453125,452.9186706542969,0.9999988079071045,493.2458801269531,564.8531494140625,0.999998927116394,547.676025390625,590.8670654296875,0.9999988079071045,491.953369140625,556.1625366210938,0.0024795588105916977,603.3696899414062,438.5540771484375,0.9999858140945435,612.2953491210938,554.4118041992188,0.9999988079071045,663.2971801757812,559.6619262695312,0.9999977350234985
48,535.9961547851562,328.8323669433594,0.9997612833976746,533.8096923828125,455.31646728515625,0.9999992847442627,480.5542297363281,563.9739990234375,0.9999995231628418,533.6524658203125,592.4978637695312,0.9999995231628418,522.4609985351562,461.79388427734375,0.0018175434088334441,602.1493530273438,443.07232666015625,0.9999644756317139,633.341796875,552.8700561523438,0.9999912977218628,686.3150024414062,543.3468017578125,0.9999783039093018
49,533.930908203125,330.2113342285156,0.9999407529830933,527.8633422851562,457.108154296875,0.9999974966049194,467.77911376953125,563.0435791015625,0.9999998807907104,520.7911987304688,593.2184448242188,0.999998927116394,711.2055053710938,541.5132446289062,0.003053451655432582,603.1052856445312,448.0223693847656,0.9999885559082031,646.69091796875,551.1078491210938,0.9999986886978149,699.295166015625,532.3441772460938,0.9999722242355347
50,535.6887817382812,333.19390869140625,0.999919056892395,525.1626586914062,458.4332275390625,0.9999955892562866,457.1981201171875,560.9351196289062,0.9999977350234985,507.7497863769531,593.3286743164062,0.9999991655349731,459.92413330078125,553.82861328125,0.0032825274392962456,606.7236328125,448.55474853515625,0.9999887943267822,649.8257446289062,553.2487182617188,0.9999932050704956,701.3839721679688,533.6627807617188,0.9999511241912842
51,537.79931640625,335.9446716308594,0.9998378753662109,523.5994262695312,460.3866271972656,0.9999912977218628,446.75714111328125,559.6495361328125,0.9999948740005493,496.156494140625,594.5787353515625,0.9999998807907104,544.37109375,336.2650146484375,0.00266768760047853,611.8651733398438,449.4044494628906,0.9999992847442627,644.5465087890625,557.3828125,0.9999986886978149,698.5397338867188,547.1583862304688,0.9999939203262329
52,540.9671020507812,337.0084228515625,0.999911904335022,524.115966796875,462.09576416015625,0.9999819993972778,438.9017639160156,552.59912109375,0.9999985694885254,481.66485595703125,593.657958984375,0.9999998807907104,545.291259765625,337.3406982421875,0.0025336346589028835,615.1641845703125,446.75445556640625,0.9999942779541016,637.1455078125,556.9412841796875,0.9999932050704956,689.4625854492188,558.1734619140625,0.9999938011169434
53,541.3131713867188,335.9334716796875,0.9999666213989258,533.4404907226562,464.3825988769531,0.9999990463256836,437.9411315917969,545.3966674804688,0.9999998807907104,471.6366271972656,594.8490600585938,0.9999997615814209,444.6061706542969,537.8894653320312,0.0032584513537585735,615.5958251953125,444.3963928222656,0.9999916553497314,627.3881225585938,557.2958984375,0.9999988079071045,680.293701171875,564.2344970703125,0.9999985694885254
54,541.98583984375,335.2101745605469,0.9999440908432007,543.0499877929688,465.75946044921875,0.9999985694885254,443.3091125488281,534.82373046875,0.9999986886978149,465.49456787109375,589.4109497070312,0.9999990463256836,444.2982482910156,524.8800659179688,0.0022742103319615126,610.7125854492188,444.98480224609375,0.9999980926513672,615.2555541992188,556.799072265625,0.9999984502792358,666.8463745117188,567.2366333007812,0.9999964237213135
55,542.6331787109375,333.51519775390625,0.9998154044151306,553.6925048828125,463.2808837890625,0.9999678134918213,455.1222839355469,528.7402954101562,0.9999990463256836,473.980224609375,586.340087890625,0.999983549118042,545.2758178710938,334.3457336425781,0.0019177127396687865,605.3991088867188,446.57049560546875,0.9999526739120483,602.72900390625,558.705322265625,0.9999954700469971,655.1134033203125,570.19775390625,0.9999916553497314
56,547.9583129882812,324.7998352050781,0.9982309937477112,562.007080078125,456.4840393066406,0.9999768733978271,468.1950988769531,525.5335083007812,0.9999978542327881,488.23193359375,583.6188354492188,0.9999840259552002,557.0032348632812,325.5494384765625,0.0021939477883279324,595.6558837890625,449.9168395996094,0.9999839067459106,589.056884765625,558.2095336914062,0.9999940395355225,641.714111328125,571.3436279296875,0.9999961853027344
57,550.5328369140625,322.0435791015625,0.9992571473121643,575.485107421875,450.2908935546875,0.9999927282333374,484.1188049316406,528.3731079101562,0.9999992847442627,509.5331726074219,584.4525146484375,0.9999780654907227,560.1566772460938,324.1219482421875,0.013527974486351013,590.0968017578125,453.4680480957031,0.31898126006126404,576.163818359375,559.15625,0.9999985694885254,628.7684326171875,573.770751953125,0.9999959468841553
58,549.2520751953125,318.20672607421875,0.9989521503448486,585.614990234375,443.811767578125,0.9999516010284424,503.96478271484375,532.9263305664062,0.9999996423721313,532.0093383789062,585.0197143554688,0.9999409914016724,555.4956665039062,323.23150634765625,0.20534539222717285,570.1914672851562,451.696044921875,0.010891015641391277,561.2228393554688,559.7193603515625,0.9999988079071045,614.4061889648438,573.8101196289062,0.9999934434890747
59,543.9086303710938,315.7837219238281,0.9849837422370911,593.572509765625,437.8512878417969,0.9999983310699463,523.9298706054688,540.475830078125,0.9999897480010986,560.1800537109375,586.1141967773438,0.9999990463256836,551.57421875,319.3033142089844,0.03843293711543083,557.792724609375,449.31634521484375,0.9997617602348328,551.1074829101562,549.4530639648438,0.9993224143981934,598.93603515625,574.9383544921875,0.9999732971191406
60,541.9005126953125,323.2499694824219,0.0070944894105196,596.50439453125,435.94085693359375,0.9999982118606567,546.0971069335938,548.9267578125,0.9999759197235107,593.5834350585938,587.5775756835938,0.9999982118606567,536.6832275390625,544.2738037109375,0.005022908560931683,551.1671142578125,450.53338623046875,0.9999967813491821,530.9189453125,553.14794921875,0.9989832043647766,513.3895263671875,581.8969116210938,0.03551362827420235
61,545.6914672851562,323.8554992675781,0.591228187084198,596.8035888671875,436.06341552734375,0.9999984502792358,568.2821655273438,558.6918334960938,0.9999967813491821,624.6390991210938,585.824462890625,0.9999970197677612,572.2871704101562,553.5499877929688,0.003198873484507203,539.7632446289062,453.04254150390625,0.999991774559021,518.7200927734375,557.717529296875,0.9999982118606567,499.81427001953125,580.5436401367188,0.02331322804093361
62,544.5096435546875,324.1078796386719,0.9998801946640015,596.184814453125,436.52508544921875,0.9999988079071045,593.6160278320312,562.5253295898438,0.9999997615814209,651.7730102539062,579.0167846679688,0.9999990463256836,546.7787475585938,324.6898498535156,0.0023390629794448614,527.828369140625,452.8913269042969,0.9999969005584717,501.80755615234375,558.5099487304688,0.9999986886978149,547.3590087890625,575.0745239257812,0.9999940395355225
63,542.5498046875,324.8577880859375,0.9999114274978638,593.669921875,439.7734069824219,0.9999988079071045,618.8812866210938,565.2173461914062,0.9999991655349731,678.69970703125,569.7997436523438,0.9999978542327881,544.655517578125,326.10308837890625,0.008480858989059925,516.3760375976562,454.3311767578125,0.9999982118606567,487.5643615722656,559.1013793945312,0.9999963045120239,537.8353271484375,577.40478515625,0.9999936819076538
64,539.3252563476562,329.0521545410156,0.9997184872627258,590.935302734375,443.3776550292969,0.9999940395355225,638.454345703125,564.044189453125,0.999998927116394,697.378662109375,557.2634887695312,0.9999946355819702,542.813232421875,330.76458740234375,0.020963028073310852,507.3507995605469,455.092041015625,0.9999920129776001,472.38323974609375,558.3383178710938,0.9999922513961792,522.7266845703125,576.915283203125,0.9999891519546509
65,536.4736328125,331.4574279785156,0.9994714856147766,589.457763671875,446.7120666503906,0.9999908208847046,651.2545776367188,563.26171875,0.9999978542327881,707.9351806640625,548.9465942382812,0.9999996423721313,541.7603149414062,333.6350402832031,0.022625666111707687,500.4085693359375,455.9737854003906,0.9999979734420776,458.798828125,557.8681640625,0.9999773502349854,509.0130310058594,578.4431762695312,0.9999966621398926
66,535.2324829101562,333.6572265625,0.9996719360351562,590.132568359375,447.5721435546875,0.9999948740005493,651.5504150390625,563.2113037109375,0.9999980926513672,708.61669921875,549.3843383789062,0.9999995231628418,541.65771484375,334.66943359375,0.022780630737543106,496.30694580078125,456.2257995605469,0.9999954700469971,446.84613037109375,554.12890625,0.9999912977218628,496.465087890625,577.1976318359375,0.9999973773956299
67,533.9340209960938,334.3322448730469,0.9999319314956665,591.4820556640625,449.2779846191406,0.9999988079071045,643.4946899414062,566.7354125976562,0.9999997615814209,700.90673828125,559.156494140625,0.9999839067459106,540.2157592773438,335.693115234375,0.011447008699178696,496.17620849609375,456.6058044433594,0.9999949932098389,437.3694152832031,549.4074096679688,0.9999995231628418,482.7381591796875,577.3999633789062,0.9999991655349731
68,535.5840454101562,335.9310302734375,0.9999706745147705,591.5200805664062,449.5816650390625,0.9999991655349731,632.2330932617188,567.8019409179688,0.9999990463256836,690.3152465820312,568.6962890625,0.9999991655349731,540.5924072265625,337.7013854980469,0.004131081514060497,499.727783203125,457.4685363769531,0.9999966621398926,431.6802673339844,543.7464599609375,0.9999971389770508,469.1853942871094,578.129150390625,0.9999994039535522
69,538.4359130859375,335.5271301269531,0.9999635219573975,591.2913208007812,448.659912109375,0.9999986886978149,619.7299194335938,568.1590576171875,0.9999984502792358,678.8798828125,574.8809814453125,0.999998927116394,541.8984985351562,336.7393798828125,0.003107920754700899,506.0646057128906,457.1317443847656,0.9999858140945435,430.0631103515625,536.6182250976562,0.9999884366989136,455.0162658691406,580.7581176757812,0.9999983310699463
70,542.59912109375,332.79107666015625,0.9998364448547363,589.4766845703125,447.5921325683594,0.9999982118606567,607.3555297851562,567.993408203125,0.9999979734420776,666.4740600585938,580.867919921875,0.9999990463256836,551.7396850585938,334.8646545410156,0.0057922969572246075,516.794677734375,457.8646545410156,0.9999957084655762,433.6790466308594,531.155029296875,0.9999995231628418,443.700439453125,583.12939453125,0.9999985694885254
71,545.2686157226562,332.5055236816406,0.9999454021453857,586.5867919921875,447.39471435546875,0.9999943971633911,592.76953125,566.6154174804688,0.9999995231628418,651.0693969726562,580.6656494140625,0.9999991655349731,550.5390625,333.80462646484375,0.004076745826750994,530.2676391601562,457.6836242675781,0.9999957084655762,442.9337158203125,525.0034790039062,0.9999819993972778,434.88262939453125,576.8292236328125,0.9999996423721313
72,544.4490356445312,332.8738098144531,0.6427006721496582,580.925537109375,447.73736572265625,0.9999983310699463,579.3829345703125,566.9235229492188,0.9999997615814209,637.8147583007812,582.7713012695312,0.9999985694885254,547.3934326171875,462.65008544921875,0.0026670151855796576,540.9053344726562,456.2248229980469,0.9999887943267822,452.3053894042969,521.13720703125,0.9999972581863403,449.253173828125,573.7100219726562,0.9999977350234985
73,542.7352905273438,329.77740478515625,0.002465122379362583,572.7257080078125,446.8258972167969,0.9999945163726807,565.251708984375,566.1868286132812,0.9999997615814209,623.9573364257812,583.1724853515625,0.9999994039535522,539.3068237304688,331.8166809082031,0.003259210381656885,547.8947143554688,454.9453430175781,0.9999978542327881,465.70367431640625,520.0438232421875,0.9999988079071045,473.3516845703125,571.2291870117188,0.9999873638153076
74,534.2694702148438,324.6053771972656,0.9932461977005005,566.489990234375,445.33551025390625,0.9999977350234985,549.4765625,566.2958374023438,0.9999997615814209,608.9043579101562,583.7111206054688,0.9999994039535522,539.5787353515625,328.3271179199219,0.00974239595234394,544.6253662109375,452.7173767089844,0.9952206015586853,480.724609375,521.572509765625,0.9999974966049194,496.8533630371094,569.4290161132812,0.9999954700469971
75,534.6286010742188,324.69256591796875,0.985917866230011,560.3003540039062,445.92340087890625,0.9999942779541016,536.909912109375,564.677001953125,0.9999980926513672,596.0532836914062,585.0652465820312,0.9999986886978149,539.1139526367188,329.0433654785156,0.08502023667097092,540.3361206054688,453.0703430175781,0.8975740075111389,502.8227233886719,526.1621704101562,0.9999947547912598,513.92236328125,566.2651977539062,0.03400912880897522
76,533.3653564453125,322.65460205078125,0.9528332948684692,549.825439453125,448.93328857421875,0.9999983310699463,524.6920166015625,566.6704711914062,0.9999946355819702,582.8529052734375,586.5377807617188,0.9999973773956299,544.4945678710938,325.4137878417969,0.003758715931326151,583.58642578125,442.66058349609375,0.9781991839408875,524.8560180664062,530.7044067382812,0.999940037727356,521.6893310546875,553.1568603515625,0.0033911527134478092
77,533.3277587890625,321.35064697265625,0.986809492111206,543.502685546875,449.851806640625,0.9999921321868896,512.2371826171875,566.0556640625,0.999997615814209,571.193115234375,585.4816284179688,0.9999560117721558,541.5363159179688,321.915771484375,0.002791748149320483,587.4959106445312,440.5661926269531,0.9998856782913208,547.90673828125,541.2164916992188,0.9999926090240479,586.3928833007812,570.6730346679688,0.9999544620513916
78,535.187744140625,320.24932861328125,0.9913542866706848,534.9801025390625,450.9235534667969,0.9999984502792358,500.04461669921875,564.9420166015625,0.9999998807907104,550.8428955078125,588.28662109375,0.9999914169311523,541.9896240234375,321.8156433105469,0.007572172209620476,589.5209350585938,439.81134033203125,0.9999645948410034,573.0858764648438,549.9552612304688,0.9999986886978149,618.311279296875,567.1166381835938,0.9999943971633911
79,534.7496337890625,322.0095520019531,0.9970587491989136,529.6498413085938,453.3690490722656,0.9999997615814209,487.8796691894531,565.8153076171875,0.9999995231628418,541.5714721679688,590.3012084960938,0.9999889135360718,541.5050048828125,323.0250244140625,0.004485083278268576,591.7994384765625,441.52020263671875,0.9999839067459106,598.3450927734375,554.0973510742188,0.9999979734420776,649.0471801757812,560.5593872070312,0.9999969005584717
80,533.974853515625,326.01263427734375,0.9987475872039795,525.05859375,455.2234802246094,0.9999991655349731,475.7984924316406,563.1051635742188,0.999998927116394,529.5226440429688,590.3524780273438,0.9999986886978149,475.7833557128906,555.21435546875,0.003049594582989812,593.08935546875,445.8023986816406,0.9999960660934448,621.0007934570312,551.5081787109375,0.9999974966049194,671.4274291992188,546.52734375,0.9999974966049194
81,532.2349243164062,330.6195068359375,0.9993114471435547,520.5169677734375,457.4034118652344,0.9999958276748657,464.8626708984375,562.6552124023438,0.9999996423721313,516.9817504882812,591.3688354492188,0.9999994039535522,542.6580200195312,333.5180969238281,0.002360493643209338,596.0339965820312,451.6992492675781,0.9999995231628418,636.617919921875,550.2164916992188,0.9999985694885254,689.087158203125,534.574462890625,0.9999947547912598
82,528.8184814453125,337.00506591796875,0.9996613264083862,517.7962036132812,459.2698059082031,0.9999995231628418,452.98748779296875,562.1113891601562,0.9999998807907104,504.3293762207031,592.84912109375,0.9999990463256836,461.0516357421875,553.8231811523438,0.0025653764605522156,600.0734252929688,453.3857116699219,0.999995231628418,642.5145874023438,551.99365234375,0.9999988079071045,694.46240234375,532.4703979492188,0.9999969005584717
83,530.4486694335938,341.5467529296875,0.9999709129333496,517.7271118164062,463.5304870605469,0.9999992847442627,443.0130615234375,560.1836547851562,0.9999971389770508,492.06390380859375,594.0958862304688,0.9999994039535522,443.8651428222656,553.7615356445312,0.0022534923627972603,606.6966552734375,455.3361511230469,0.999995231628418,639.265625,556.9196166992188,0.9999949932098389,691.983154296875,544.0902099609375,0.9999983310699463
84,533.8499145507812,345.6805114746094,0.999860405921936,519.318115234375,467.4981689453125,0.9999997615814209,435.904052734375,556.0028686523438,0.9999991655349731,479.472900390625,595.0011596679688,0.9999997615814209,543.2306518554688,347.3879089355469,0.005284944549202919,610.6068725585938,455.656494140625,0.9999994039535522,634.8521728515625,560.3877563476562,0.9999974966049194,685.4058837890625,558.837646484375,0.9999891519546509
85,538.8882446289062,345.67376708984375,0.9997534155845642,528.3834228515625,469.74395751953125,0.9999997615814209,434.45367431640625,547.0071411132812,0.9999998807907104,468.78509521484375,594.9290771484375,0.9999998807907104,634.828857421875,554.7849731445312,0.0028148512355983257,612.6878051757812,454.9942321777344,0.9999994039535522,626.1259155273438,560.0263061523438,0.9999995231628418,677.611328125,567.062255859375,0.9999991655349731
86,542.341796875,343.93328857421875,0.9995294809341431,541.5848999023438,472.2900390625,0.9999990463256836,441.528564453125,539.1248168945312,0.9999943971633911,464.5514831542969,593.9674682617188,0.9999996423721313,618.8750610351562,553.6181640625,0.0016943974187597632,611.1399536132812,455.959228515625,0.9999990463256836,615.759033203125,562.3601684570312,0.9999992847442627,667.1727905273438,573.5103759765625,0.9999816417694092
87,547.000732421875,340.337646484375,0.9998999834060669,552.6279296875,470.8056945800781,0.9999982118606567,454.3580627441406,532.8922729492188,0.9999998807907104,472.80218505859375,590.0012817382812,0.9999922513961792,557.2880859375,341.3770751953125,0.0020653060637414455,607.787109375,456.8389892578125,0.9999853372573853,604.2250366210938,563.6141357421875,0.9999996423721313,655.62890625,576.4700927734375,0.999992847442627
88,550.1690063476562,333.7267150878906,0.9997076392173767,563.7691040039062,465.8582458496094,0.999998927116394,469.8478088378906,530.915771484375,0.9999997615814209,488.6161193847656,587.9727172851562,0.9999958276748657,558.5756225585938,335.4053955078125,0.003415465820580721,602.747314453125,459.3025817871094,0.9999001026153564,591.7537231445312,563.9242553710938,0.9999996423721313,642.628173828125,576.9093017578125,0.9999992847442627
89,549.8432006835938,331.76837158203125,0.9998674392700195,581.8737182617188,459.26776123046875,0.9999979734420776,488.25384521484375,533.83251953125,0.9999990463256836,512.2088012695312,588.9745483398438,0.9999921321868896,562.4259643554688,336.7732238769531,0.011032179929316044,588.8765258789062,466.07171630859375,0.42422500252723694,579.7755126953125,563.9952392578125,0.9999998807907104,631.028076171875,577.3600463867188,0.9999990463256836
90,551.7883911132812,330.70068359375,0.9997994303703308,588.5924682617188,452.46917724609375,0.9999995231628418,509.8617858886719,540.8908081054688,0.9999939203262329,538.2078247070312,591.9639892578125,0.9995366334915161,561.5904541015625,334.46038818359375,0.049125898629426956,561.396484375,328.4789733886719,0.0018952795071527362,567.9824829101562,564.83544921875,0.9999958276748657,618.778076171875,579.3580322265625,0.9999978542327881
91,549.0438842773438,329.8259582519531,0.9998525381088257,596.0296020507812,447.978515625,0.9999988079071045,528.5224609375,545.41162109375,0.9999995231628418,560.6070556640625,591.4569091796875,0.9999996423721313,559.0081176757812,333.08624267578125,0.06608229875564575,565.897705078125,454.6890869140625,0.2691231071949005,561.4038696289062,559.717041015625,0.9999985694885254,610.1161499023438,579.1826171875,0.9999994039535522
92,548.0015869140625,329.8348388671875,0.9994708895683289,603.6077880859375,444.08453369140625,0.9999877214431763,552.3784790039062,552.7492065429688,0.9998249411582947,595.266845703125,588.0275268554688,0.9999991655349731,552.0868530273438,331.4378356933594,0.09643970429897308,565.7230834960938,456.31195068359375,0.9999886751174927,545.2938842773438,550.5927124023438,0.2137947827577591,525.0679931640625,584.7837524414062,0.30194786190986633
93,548.3885498046875,333.0716552734375,0.9820495247840881,606.458984375,442.1314392089844,0.9999892711639404,576.8865356445312,559.3619384765625,0.9999974966049194,627.6734008789062,589.7478637695312,0.9999988079071045,552.572998046875,335.1100769042969,0.03403292968869209,556.4033203125,457.76507568359375,0.9999548196792603,536.1544799804688,558.9368896484375,0.9999958276748657,510.0594787597656,581.2269287109375,0.009558284655213356
94,557.1911010742188,333.8362121582031,0.9988777041435242,608.4990844726562,442.4578552246094,0.9999979734420776,603.8331909179688,563.9951782226562,0.9999996423721313,659.6100463867188,583.3265380859375,0.9999995231628418,562.9486694335938,334.3244323730469,0.021947579458355904,545.1183471679688,457.7846374511719,0.9999951124191284,521.6773071289062,560.4336547851562,0.9999971389770508,564.5933227539062,578.3341674804688,0.9999961853027344
95,558.6969604492188,332.36260986328125,0.999935507774353,609.5957641601562,443.5540466308594,0.9999992847442627,630.1820068359375,565.1685180664062,0.9999998807907104,687.6226196289062,572.2006225585938,0.9999947547912598,565.6083374023438,333.09808349609375,0.003406830597668886,535.6873779296875,456.76129150390625,0.9999922513961792,508.4884338378906,557.3528442382812,0.9999877214431763,555.5692138671875,576.748779296875,0.99998939037323
96,555.4647827148438,332.9167175292969,0.9999629259109497,608.3006591796875,445.7691650390625,0.9999978542327881,651.708740234375,565.156982421875,0.9999994039535522,710.5830688476562,561.4004516601562,0.9999995231628418,651.9862670898438,555.91552734375,0.0031443648040294647,527.7362060546875,457.0504455566406,0.9999934434890747,494.003662109375,557.2439575195312,0.9999898672103882,541.88232421875,575.846435546875,0.9999847412109375
97,553.84521484375,334.64410400390625,0.9999587535858154,609.2050170898438,448.35028076171875,0.9999992847442627,666.6812133789062,562.7874755859375,0.9999986886978149,724.37744140625,550.1289672851562,0.9999996423721313,556.9901733398438,336.3009948730469,0.00430130073800683,522.0146484375,455.8465881347656,0.9999940395355225,481.998291015625,555.14111328125,0.9999984502792358,530.0845947265625,574.6964721679688,0.9999934434890747
98,552.104248046875,335.4034118652344,0.9999759197235107,611.6895751953125,449.82086181640625,0.9999997615814209,671.9224853515625,561.6795654296875,0.9999990463256836,728.617919921875,548.178466796875,0.9999986886978149,549.645263671875,334.9938049316406,0.00468308012932539,519.2144165039062,455.3319091796875,0.999997615814209,471.2866516113281,550.9932861328125,0.9999979734420776,516.6298828125,573.368896484375,0.9999960660934448
99,552.9109497070312,335.6015625,0.9999823570251465,614.529052734375,449.7157287597656,0.9999996423721313,665.7237548828125,564.4613037109375,0.9999990463256836,723.5354614257812,557.2322387695312,0.9999988079071045,667.9959716796875,555.20166015625,0.004308873787522316,517.7423095703125,454.8167419433594,0.9999982118606567,462.0201416015625,546.7968139648438,0.9999988079071045,505.8071594238281,573.6348876953125,0.9999827146530151
100,556.023681640625,336.0091857910156,0.999981164932251,616.3463745117188,448.8210144042969,0.9999988079071045,655.2411499023438,563.9904174804688,0.9999991655349731,713.2119140625,565.6795043945312,0.9999986886978149,558.4104614257812,337.2648010253906,0.00204106536693871,521.10302734375,453.900146484375,0.9999922513961792,454.9973449707031,539.4131469726562,0.9999971389770508,491.57659912109375,572.6297607421875,0.9999771118164062
101,560.7095336914062,334.7538146972656,0.999982476234436,616.9188842773438,446.5531311035156,0.999993085861206,642.5741577148438,563.007080078125,0.9999998807907104,701.0390625,570.2664184570312,0.9999896287918091,574.4216918945312,334.87335205078125,0.003909008111804724,529.0908203125,453.0341491699219,0.9999979734420776,454.21392822265625,530.540283203125,0.9999991655349731,478.4861145019531,574.135986328125,0.9999908208847046
102,564.44873046875,330.6613464355469,0.9999910593032837,614.7679443359375,444.91058349609375,0.9999984502792358,629.9842529296875,562.6796875,0.9999998807907104,688.4564208984375,575.1217041015625,0.9999990463256836,576.4065551757812,330.831787109375,0.004591618664562702,543.3663940429688,453.4441223144531,0.9999949932098389,459.9320068359375,524.4107666015625,0.9999902248382568,466.3340759277344,574.5008544921875,0.9999980926513672
103,568.2611694335938,329.14984130859375,0.9999819993972778,612.0368041992188,443.9664001464844,0.999998927116394,616.146240234375,560.55615234375,0.9999990463256836,673.9263916015625,574.7571411132812,0.9999994039535522,619.8300170898438,554.4796142578125,0.0022797512356191874,556.691162109375,451.2972412109375,0.9999972581863403,467.93798828125,517.5360717773438,0.9999996423721313,458.7840270996094,567.7357788085938,0.9999960660934448
104,563.7744140625,328.956298828125,0.9998775720596313,607.3592529296875,443.5982360839844,0.9999942779541016,602.8097534179688,560.0214233398438,0.9999966621398926,659.82470703125,575.4883422851562,0.9999996423721313,603.5256958007812,554.9700927734375,0.0026181815192103386,566.3411254882812,449.9374694824219,0.9999969005584717,479.028076171875,513.2018432617188,0.9999982118606567,474.1863708496094,564.3638305664062,0.9999985694885254
105,559.0260620117188,326.3951721191406,0.9998496770858765,599.6240234375,441.5436096191406,0.999997615814209,588.626220703125,559.818115234375,0.9999963045120239,645.5234985351562,576.5097045898438,0.9999996423721313,566.030517578125,326.8050842285156,0.00521509163081646,570.15283203125,448.46002197265625,0.9995285272598267,491.2006530761719,511.38970947265625,0.9999967813491821,496.1086120605469,561.7753295898438,0.9999994039535522
106,563.0474243164062,323.9111022949219,0.999993085861206,593.2749633789062,441.2113952636719,0.9999979734420776,572.6670532226562,559.71533203125,0.999996542930603,630.8519287109375,577.3382568359375,0.9999995231628418,568.406494140625,325.9580078125,0.0038676545955240726,565.3001708984375,449.6893615722656,0.0035546922590583563,506.59521484375,514.727783203125,0.9999994039535522,521.3141479492188,561.4453735351562,0.9999948740005493
107,562.3992309570312,323.12286376953125,0.9999773502349854,584.2659912109375,440.7720947265625,0.9999901056289673,558.4804077148438,558.9139404296875,0.999991774559021,616.2039184570312,578.2265014648438,0.9999986886978149,569.0835571289062,325.81256103515625,0.02413792535662651,561.5144653320312,449.2060852050781,0.00306250830180943,527.2108154296875,519.7943115234375,0.9999959468841553,534.7061157226562,558.9135131835938,0.04564368352293968
108,557.5399780273438,321.94415283203125,0.9999293088912964,572.9038696289062,442.5912780761719,0.9999672174453735,545.4654541015625,558.99853515625,0.9999924898147583,601.3771362304688,579.46533203125,0.9999971389770508,566.3968505859375,323.6690368652344,0.0044043343514204025,604.8568725585938,436.8325500488281,0.9966756105422974,549.4846801757812,525.21435546875,0.999954342842102,601.3713989257812,580.7872314453125,0.003941640257835388
109,553.2925415039062,320.6968688964844,0.9999345541000366,564.125732421875,443.25360107421875,0.9999953508377075,530.5399780273438,558.735595703125,0.9999949932098389,586.5689086914062,580.61767578125,0.9999504089355469,564.4966430664062,322.24725341796875,0.0026168981567025185,609.7566528320312,435.1503601074219,0.9999768733978271,569.2066650390625,537.3504028320312,0.9999734163284302,607.2294311523438,562.5723266601562,0.9999973773956299
110,553.9810180664062,320.8912048339844,0.9999116659164429,553.0691528320312,445.8614196777344,0.999984860420227,516.6444702148438,558.1792602539062,0.9999980926513672,568.04443359375,582.2032470703125,0.9999500513076782,560.4169921875,322.1058349609375,0.0026484972331672907,609.956298828125,435.7085266113281,0.9999963045120239,594.6019897460938,544.2120971679688,0.9999990463256836,638.5294189453125,560.8021850585938,0.9999922513961792
111,551.8074340820312,323.1845397949219,0.999940037727356,545.4899291992188,446.74835205078125,0.9999982118606567,501.80157470703125,555.8912963867188,0.9999983310699463,555.382080078125,580.6029663085938,0.9999977350234985,564.5771484375,323.46771240234375,0.003789199749007821,610.736572265625,435.830078125,0.9999986886978149,619.0244750976562,545.9192504882812,0.9999988079071045,664.7850341796875,557.1109619140625,0.9999809265136719
112,548.1377563476562,326.4255065917969,0.9999669790267944,537.6741943359375,449.6358642578125,0.9999977350234985,488.684326171875,557.675537109375,0.9999923706054688,542.5594482421875,582.6585083007812,0.9999986886978149,558.3338623046875,327.01458740234375,0.0030702687799930573,610.301025390625,440.2470703125,0.9999974966049194,640.0786743164062,546.4103393554688,0.9999995231628418,692.1569213867188,543.6401977539062,0.9999983310699463
113,545.7112426757812,329.35614013671875,0.999954104423523,532.2753295898438,449.64068603515625,0.9999997615814209,474.66424560546875,552.582763671875,0.9999934434890747,525.8416748046875,579.3517456054688,0.9999992847442627,476.21038818359375,540.0796508789062,0.002304971683770418,611.5018310546875,444.48980712890625,0.9999978542327881,653.0348510742188,542.6454467773438,0.9999914169311523,704.9871826171875,527.1600952148438,0.9999904632568359
114,544.8349609375,332.9812927246094,0.9999667406082153,526.761474609375,451.99273681640625,0.9999994039535522,461.8655090332031,550.651123046875,0.9999984502792358,511.4127197265625,581.2409057617188,0.9999997615814209,459.9308776855469,540.6740112304688,0.002344569656997919,612.906494140625,446.1761779785156,0.9999977350234985,657.0055541992188,543.2022705078125,0.9999982118606567,708.1909790039062,524.9491577148438,0.9999898672103882
115,547.1044311523438,333.2024841308594,0.9999781847000122,525.6250610351562,453.2733459472656,0.9999996423721313,449.2374267578125,546.3076171875,0.9999998807907104,497.05450439453125,580.5067138671875,0.9999998807907104,557.9716186523438,335.2787780761719,0.002680002711713314,617.2024536132812,446.3289794921875,0.9999771118164062,650.9386596679688,548.0840454101562,0.9999991655349731,701.679443359375,537.4310302734375,0.9999793767929077
116,548.8394775390625,333.145751953125,0.9999872446060181,527.787841796875,455.9833679199219,0.9999994039535522,443.368408203125,539.948974609375,0.9999896287918091,484.5580749511719,581.084716796875,1.0,558.0802612304688,335.43402099609375,0.0017987953033298254,618.25244140625,445.8418884277344,0.9999566078186035,644.3549194335938,548.2896118164062,0.9999996423721313,695.0391845703125,548.8763427734375,0.9999984502792358
117,550.4990234375,331.90472412109375,0.9999798536300659,535.8781127929688,455.4418029785156,0.9999995231628418,441.85369873046875,529.0949096679688,0.9999991655349731,471.84234619140625,578.7166748046875,0.9999997615814209,444.16925048828125,522.7958984375,0.002173457993194461,618.4284057617188,442.10992431640625,0.9999842643737793,633.1586303710938,546.8030395507812,0.9999983310699463,682.4842529296875,555.7702026367188,0.9999806880950928
118,552.9288330078125,328.36700439453125,0.9999375343322754,548.55322265625,455.2325439453125,0.9999998807907104,448.8305358886719,519.0731811523438,0.9999996423721313,470.24652099609375,574.2449340820312,0.9999991655349731,557.5858764648438,458.80523681640625,0.002907798159867525,614.4158935546875,439.5171813964844,0.9999982118606567,620.470703125,546.6796875,0.9999996423721313,671.0345458984375,557.6575317382812,0.999991774559021
119,555.385986328125,321.93231201171875,0.9999505281448364,558.2546997070312,450.79595947265625,0.9999979734420776,460.84234619140625,512.50732421875,0.9999978542327881,480.103759765625,569.3907470703125,0.9999953508377075,485.8089599609375,572.4910278320312,0.0016123427776619792,609.365478515625,439.0279846191406,0.9999969005584717,606.468994140625,546.0880737304688,0.9999995231628418,656.337158203125,557.3278198242188,0.9999951124191284
120,557.6983032226562,315.3581848144531,0.9997919201850891,569.2954711914062,444.7554016113281,0.9999793767929077,476.4278869628906,513.1876831054688,0.9999972581863403,497.8114929199219,568.5123291015625,0.999997615814209,561.315185546875,317.0029296875,0.001986597664654255,601.5132446289062,442.90740966796875,0.9997773766517639,593.8591918945312,545.0055541992188,0.9999996423721313,642.9972534179688,557.7216796875,0.9999969005584717
121,558.6093139648438,313.24176025390625,0.9998101592063904,583.8611450195312,436.3766174316406,0.9999985694885254,494.3495178222656,515.9081420898438,0.9999986886978149,520.3646240234375,569.658935546875,0.9999881982803345,523.9127197265625,572.7362670898438,0.0020625118631869555,586.9172973632812,446.8734130859375,0.009144957177340984,581.3538818359375,544.4849853515625,0.9999992847442627,629.9620971679688,557.7020874023438,0.9999954700469971
122,559.2037963867188,313.350341796875,0.9998682737350464,590.65234375,430.8914489746094,0.9999958276748657,517.2332153320312,521.2401733398438,0.9999994039535522,547.8543090820312,569.66455078125,0.9999985694885254,564.7662353515625,315.455810546875,0.0042392415925860405,569.9462890625,304.9601135253906,0.0013806793140247464,567.687744140625,542.2039184570312,0.9999985694885254,617.8247680664062,557.0989379882812,0.9999834299087524
123,554.9948120117188,310.16583251953125,0.9999493360519409,601.9960327148438,425.2250671386719,0.99998939037323,539.8939819335938,529.0943603515625,0.999998927116394,580.9088134765625,570.4326171875,0.9999994039535522,562.583740234375,310.193603515625,0.007125414442270994,567.1762084960938,432.94732666015625,0.9998856782913208,561.0319213867188,531.0772094726562,0.24952149391174316,603.4360961914062,558.1280517578125,0.9996659755706787
124,553.1173095703125,309.5383605957031,0.9998200535774231,606.617919921875,422.3497009277344,0.9999979734420776,564.8324584960938,536.1113891601562,0.9999951124191284,612.3046264648438,568.8865356445312,0.9999991655349731,557.141845703125,310.94158935546875,0.009770981967449188,561.7947387695312,435.04766845703125,0.9999977350234985,545.188232421875,536.317138671875,0.999921441078186,522.8650512695312,566.1270751953125,0.7509265542030334
125,554.2093505859375,311.7344665527344,0.9979325532913208,608.84619140625,421.599853515625,0.9999995231628418,589.0933837890625,543.372802734375,0.9999977350234985,644.9369506835938,564.7288208007812,0.9999998807907104,556.8062133789062,312.9029541015625,0.011271827854216099,551.4020385742188,435.43719482421875,0.9999971389770508,530.8209838867188,538.0845947265625,0.9999991655349731,509.44183349609375,564.3062133789062,0.033782709389925
126,557.0703735351562,315.310302734375,0.9724109172821045,610.2764282226562,423.363525390625,0.9999996423721313,617.97509765625,545.9854125976562,0.9999988079071045,674.4150390625,557.4508056640625,0.9999980926513672,558.9461669921875,315.3719787597656,0.011765495873987675,540.0657348632812,435.3536071777344,0.9999914169311523,516.67626953125,539.8009033203125,0.9999990463256836,561.6777954101562,556.8563232421875,0.9999972581863403
127,561.9749145507812,314.58642578125,0.9999065399169922,610.783935546875,426.89495849609375,0.999998927116394,643.46826171875,547.9473266601562,0.9999998807907104,700.7637329101562,547.7702026367188,0.9999986886978149,565.6450805664062,315.08251953125,0.035883184522390366,533.0181884765625,436.32891845703125,0.999998927116394,503.97113037109375,539.2000732421875,0.9999972581863403,549.7791137695312,556.8272094726562,0.9999969005584717
128,561.8203735351562,318.2431640625,0.9999444484710693,611.25927734375,430.4106750488281,0.9999980926513672,663.8855590820312,546.9342651367188,0.9999995231628418,719.3787841796875,537.3219604492188,0.9999908208847046,565.7623291015625,318.68060302734375,0.025984985753893852,524.9254760742188,437.78497314453125,0.9999946355819702,490.72528076171875,539.465576171875,0.9999873638153076,537.464111328125,557.7913818359375,0.9999673366546631
129,560.2750244140625,321.1896057128906,0.9999451637268066,613.9564819335938,433.7196044921875,0.9999997615814209,673.7619018554688,546.5565795898438,0.9999997615814209,729.3772583007812,532.3261108398438,0.9999988079071045,565.8964233398438,321.16680908203125,0.024302354082465172,521.6644897460938,439.4391784667969,0.9999939203262329,479.7712097167969,537.8475341796875,0.9999955892562866,526.7437133789062,559.1083374023438,0.999977707862854
130,560.990966796875,323.576171875,0.99998939037323,617.3934936523438,435.5083923339844,0.9999991655349731,670.8483276367188,549.1481323242188,0.9999992847442627,727.5958251953125,539.638916015625,0.9999986886978149,562.274658203125,323.2169189453125,0.005256347823888063,521.1795043945312,440.1313171386719,0.9999901056289673,469.7799377441406,534.2283325195312,0.9999994039535522,514.8084106445312,559.0579833984375,0.999994158744812
131,563.2359008789062,324.8135681152344,0.9999967813491821,619.9992065429688,437.6906433105469,0.9999996423721313,662.8687133789062,552.7477416992188,0.9999988079071045,719.5393676757812,552.551513671875,0.9999977350234985,576.3687133789062,324.8250427246094,0.0032838662154972553,524.4229736328125,441.8805236816406,0.9999783039093018,464.7664489746094,529.9413452148438,0.9999995231628418,503.2901611328125,562.3036499023438,0.9999986886978149
132,569.3284912109375,325.9094543457031,0.999993085861206,622.2631225585938,437.3678894042969,0.9999995231628418,651.0737915039062,553.5147094726562,0.9999957084655762,709.3263549804688,559.4833984375,0.9999995231628418,651.4187622070312,540.3848876953125,0.001500131213106215,534.5750122070312,442.8490905761719,0.9999973773956299,461.786865234375,522.7999267578125,0.9999892711639404,489.08648681640625,562.9532470703125,0.9999946355819702
133,574.4034423828125,324.4494323730469,0.9999942779541016,622.3931274414062,437.04693603515625,0.9999997615814209,638.9441528320312,554.7542114257812,0.9999947547912598,696.8912353515625,564.9825439453125,0.9999990463256836,633.0602416992188,545.1192626953125,0.001977856969460845,546.1351318359375,444.28802490234375,0.9999990463256836,466.0221252441406,517.0381469726562,0.9999994039535522,477.5105285644531,566.885009765625,0.9999988079071045
134,578.38671875,323.6663818359375,0.9999982118606567,619.2947387695312,438.63677978515625,0.9999994039535522,626.432373046875,556.0316772460938,0.999998927116394,683.0331420898438,568.9562377929688,0.9999966621398926,578.0584106445312,325.74176025390625,0.0019520962378010154,561.271484375,444.9183349609375,0.9999977350234985,476.6363830566406,512.8065185546875,0.9999973773956299,471.322509765625,563.8262329101562,0.9999995231628418
135,577.7642822265625,324.3880615234375,0.9999722242355347,614.900634765625,440.2095947265625,0.9999985694885254,614.064697265625,555.597412109375,0.9999990463256836,671.1964721679688,570.0778198242188,0.9999927282333374,620.8092041015625,441.6991882324219,0.0009024371975101531,573.9467163085938,447.5502624511719,0.9999804496765137,487.54583740234375,508.40606689453125,0.9999955892562866,488.078125,560.0061645507812,0.9999980926513672
136,574.1395263671875,321.1481018066406,0.9999165534973145,608.0028686523438,439.836181640625,0.9999988079071045,602.0615234375,556.7771606445312,0.9999898672103882,658.76318359375,571.907958984375,0.9999991655349731,581.4576416015625,324.1398010253906,0.005455141421407461,583.1991577148438,448.7421569824219,0.9948438405990601,504.0176086425781,510.27886962890625,0.9999955892562866,515.0789184570312,559.3543090820312,0.9999980926513672
137,575.0802612304688,320.9979248046875,0.9999821186065674,604.5263061523438,439.0234375,0.9999982118606567,587.0140991210938,557.74658203125,0.9999821186065674,645.7986450195312,573.1212158203125,0.9999992847442627,586.7880249023438,553.2837524414062,0.001828846987336874,579.2199096679688,448.7173156738281,0.0034435733687132597,522.7803344726562,513.280517578125,0.9999991655349731,540.1017456054688,558.6136474609375,0.9999861717224121
138,577.2005615234375,320.6163635253906,0.9999620914459229,597.434326171875,439.44354248046875,0.9999969005584717,576.7656860351562,556.0653686523438,0.999996542930603,634.170166015625,573.9739990234375,0.9999872446060181,569.839599609375,553.341552734375,0.0014841648517176509,614.3900756835938,440.48956298828125,0.0033722377847880125,546.0716552734375,518.323486328125,0.9999990463256836,557.1435546875,560.935302734375,0.17992545664310455
139,575.4624633789062,320.4576416015625,0.9997925162315369,590.006103515625,441.25909423828125,0.9999812841415405,566.0501708984375,556.2688598632812,0.9999909400939941,621.253173828125,575.2106323242188,0.9999915361404419,571.3251953125,531.4515380859375,0.0015752241015434265,624.1383056640625,434.3092041015625,0.9720157980918884,568.7642822265625,524.55029296875,0.9997565150260925,619.4561157226562,572.23291015625,0.005217991303652525
140,577.4710083007812,319.2569885253906,0.99993896484375,583.3087158203125,442.7722473144531,0.9999686479568481,551.3684692382812,556.8448486328125,0.9999922513961792,603.4077758789062,576.4685668945312,0.9999896287918091,555.2352294921875,551.900390625,0.0011246813228353858,627.2568969726562,433.8620300292969,0.9999691247940063,593.8443603515625,535.2681274414062,0.9999970197677612,635.6853637695312,557.0886840820312,0.9999808073043823
141,575.4146118164062,320.8388977050781,0.999930739402771,575.6665649414062,443.9080505371094,0.9999977350234985,540.0466918945312,555.7840576171875,0.9999792575836182,591.1649169921875,577.0452270507812,0.9999611377716064,538.0689086914062,545.0029907226562,0.0022297468967735767,631.6962280273438,433.0758972167969,0.9999858140945435,621.5518798828125,539.4904174804688,0.9999939203262329,666.70654296875,552.1290893554688,0.9999890327453613
142,572.1885375976562,323.3737487792969,0.9999896287918091,570.2652587890625,445.1232604980469,0.9999897480010986,527.7049560546875,553.5037841796875,0.9999947547912598,581.8674926757812,576.24658203125,0.9999995231628418,520.9398803710938,545.3319702148438,0.0018784397980198264,635.4584350585938,434.2151794433594,0.9999909400939941,646.5187377929688,539.1904907226562,0.9999984502792358,693.7203979492188,544.3051147460938,0.9999985694885254
143,569.5623168945312,326.17132568359375,0.9999853372573853,563.7393188476562,444.28839111328125,0.9999995231628418,516.6403198242188,552.029541015625,0.9999996423721313,569.2986450195312,575.3348388671875,0.9999953508377075,524.0289306640625,539.008544921875,0.0018004314042627811,635.87109375,435.59539794921875,0.9999936819076538,668.135986328125,536.3363037109375,0.999996542930603,716.8790893554688,528.517333984375,0.9999938011169434
144,568.4678955078125,329.1994934082031,0.9999607801437378,560.402587890625,445.7876281738281,0.9999994039535522,503.5970153808594,549.9315795898438,0.9999995231628418,554.3303833007812,574.9927978515625,0.9999967813491821,508.5468444824219,539.2134399414062,0.0045013101771473885,639.8161010742188,439.0893859863281,0.9999969005584717,682.1585693359375,533.4183349609375,0.9999979734420776,731.15380859375,513.8645629882812,0.999997615814209
145,567.9976806640625,330.1388854980469,0.9999761581420898,558.0576171875,445.9488830566406,0.9999971389770508,493.2966613769531,546.034423828125,0.9999988079071045,543.2468872070312,574.1362915039062,0.999997615814209,491.6058654785156,539.1070556640625,0.0019469739636406302,643.05224609375,439.40936279296875,0.9999988079071045,684.6779174804688,534.0614624023438,0.9999986886978149,734.2579345703125,511.9054260253906,0.9999924898147583
146,572.2013549804688,329.94036865234375,0.9999232292175293,556.74609375,447.400634765625,0.9999974966049194,483.2891845703125,541.799560546875,0.9999990463256836,529.7215576171875,574.71630859375,0.9999994039535522,683.2107543945312,538.69580078125,0.0018303615506738424,646.435302734375,438.7118225097656,0.9999988079071045,678.4002075195312,538.8754272460938,0.9999977350234985,728.76904296875,522.64404296875,0.9999867677688599
147,578.075439453125,329.3984375,0.9999384880065918,559.97802734375,448.6618347167969,0.9999995231628418,476.215576171875,534.368896484375,0.9999986886978149,516.7943115234375,574.768798828125,0.9999996423721313,475.9809265136719,524.4291381835938,0.001960489433258772,646.9430541992188,439.30767822265625,0.9999982118606567,674.5038452148438,539.892333984375,0.9999986886978149,724.8109130859375,538.0460815429688,0.9999947547912598
148,582.368408203125,327.828369140625,0.9999278783798218,569.315185546875,449.6983337402344,0.9999982118606567,474.6862487792969,524.77197265625,0.999988317489624,505.60565185546875,572.7999877929688,0.9999897480010986,591.1641845703125,330.3032531738281,0.001209797104820609,649.3003540039062,439.2642822265625,0.9999943971633911,666.0430297851562,538.5540771484375,0.9999916553497314,714.9927978515625,545.822998046875,0.9999973773956299
149,585.5761108398438,325.4963684082031,0.9999333620071411,580.7804565429688,451.27728271484375,0.9999998807907104,480.6812744140625,515.2918701171875,0.9999997615814209,502.47991943359375,569.9559936523438,0.9999984502792358,507.4082946777344,573.0209350585938,0.0012972084805369377,646.9251708984375,435.4421081542969,0.9999983310699463,653.9058837890625,539.0957641601562,0.9999953508377075,703.87353515625,549.6854858398438,0.9999986886978149
150,589.1251220703125,321.5834045410156,0.9998339414596558,590.83203125,447.467529296875,0.9999961853027344,494.0435791015625,509.8739013671875,0.9999909400939941,513.7886352539062,564.5459594726562,0.9999998807907104,490.7497863769531,506.26776123046875,0.0017216105479747057,643.4349365234375,434.00372314453125,0.9999961853027344,642.39208984375,538.4197387695312,0.9999991655349731,692.2359008789062,550.378662109375,0.9999995231628418
151,589.9334716796875,315.0425109863281,0.9997860789299011,604.2832641601562,442.23974609375,0.9999418258666992,510.4837951660156,508.4525451660156,0.9999903440475464,531.1029663085938,563.3719482421875,0.9999997615814209,506.2599792480469,505.6530456542969,0.0016384246991947293,637.2061767578125,437.7651062011719,0.9999308586120605,630.4191284179688,538.316162109375,0.9999986886978149,679.9796142578125,551.7283325195312,0.9999954700469971
152,590.9950561523438,311.2215881347656,0.999921441078186,620.7169189453125,434.1504211425781,0.9999967813491821,528.7639770507812,512.157470703125,0.9999985694885254,554.801513671875,565.48779296875,0.999997615814209,530.7830200195312,507.65057373046875,0.0012291331076994538,631.3276977539062,439.8305358886719,0.01637672819197178,619.0198364257812,538.8634033203125,0.9999947547912598,668.02685546875,551.9793090820312,0.9999920129776001
153,594.5479125976562,311.3292236328125,0.9999703168869019,628.4725952148438,428.6709899902344,0.9999986886978149,550.0457763671875,518.286376953125,0.9999998807907104,580.2702026367188,567.2171020507812,0.9999971389770508,586.5579223632812,573.4453125,0.0019054118311032653,633.7854614257812,436.4669189453125,0.0013196604559198022,605.236083984375,537.8779907226562,0.9999951124191284,654.9297485351562,553.5675048828125,0.9999797344207764
154,593.9867553710938,311.89605712890625,0.9999343156814575,637.8469848632812,423.1674499511719,0.9999980926513672,573.8941650390625,526.02880859375,0.9999934434890747,612.4146118164062,568.3189086914062,0.9999996423721313,600.5282592773438,314.9726867675781,0.009561783634126186,608.1287231445312,432.91119384765625,0.9983263611793518,600.6087036132812,531.3002319335938,0.9997064471244812,644.1716918945312,553.8133544921875,0.9999853372573853
155,591.8660278320312,313.7775573730469,0.9998733997344971,644.6569213867188,422.0061340332031,0.9999992847442627,599.8060302734375,533.80029296875,0.9999676942825317,645.916259765625,568.5059814453125,0.9999991655349731,596.7122802734375,315.4105529785156,0.006349785253405571,603.26171875,435.536376953125,0.999984860420227,582.2227172851562,533.3201904296875,0.9996597766876221,562.0824584960938,559.8944091796875,0.004086644854396582
156,590.7456665039062,318.93280029296875,0.9867520332336426,646.251953125,422.6874084472656,0.9999980926513672,623.4104614257812,542.6353149414062,0.9999954700469971,677.8252563476562,565.943359375,0.9999996423721313,593.1357421875,318.1634826660156,0.03541416674852371,593.109619140625,437.7005615234375,0.9999970197677612,571.7291259765625,537.2694702148438,0.9999958276748657,683.8655395507812,568.7154541015625,0.003361357608810067
157,595.3600463867188,320.91778564453125,0.9938598871231079,647.1845092773438,424.8428955078125,0.9999948740005493,652.0934448242188,546.8815307617188,0.9999994039535522,707.22412109375,559.83642578125,0.9999991655349731,594.36474609375,321.9203186035156,0.009061483666300774,582.688720703125,438.70257568359375,0.9999957084655762,559.4695434570312,538.05517578125,0.9999961853027344,604.2211303710938,556.8906860351562,0.9999687671661377
158,599.5990600585938,321.36285400390625,0.9998431205749512,647.4276123046875,429.0849304199219,0.999994158744812,676.4117431640625,550.0013427734375,0.9999998807907104,731.2120361328125,551.7749633789062,0.9999964237213135,603.2949829101562,322.3101806640625,0.00537995807826519,575.555908203125,440.6874084472656,0.9999772310256958,546.191650390625,539.7587890625,0.999998927116394,592.4852905273438,557.6818237304688,0.9999929666519165
159,603.9397583007812,322.8959045410156,0.9998419284820557,649.351806640625,432.8279724121094,0.999995231628418,697.268310546875,549.2099609375,0.9999990463256836,752.5430297851562,540.4307250976562,0.99998939037323,610.1185913085938,323.3945617675781,0.01057428028434515,568.1819458007812,441.98431396484375,0.9999798536300659,535.6030883789062,539.2059326171875,0.9999970197677612,579.9354858398438,558.48974609375,0.999996542930603
160,603.746337890625,326.6681823730469,0.9994989633560181,651.5390625,436.8756103515625,0.9999988079071045,707.9577026367188,549.5661010742188,0.9999998807907104,763.0328369140625,537.4109497070312,0.9999817609786987,610.9677734375,326.3826599121094,0.024268170818686485,564.04736328125,442.7511901855469,0.999997615814209,523.7733764648438,539.0687866210938,0.9999897480010986,567.2713012695312,558.075439453125,0.9999921321868896
161,604.9044799804688,329.2351989746094,0.999692440032959,656.2163696289062,438.75225830078125,0.9999994039535522,708.791015625,550.352294921875,0.9999997615814209,764.7112426757812,541.1693115234375,0.9999600648880005,612.0248413085938,330.232177734375,0.03140294551849365,561.7039794921875,443.86737060546875,0.9999979734420776,514.0624389648438,536.2667846679688,0.9999984502792358,556.2888793945312,558.1895751953125,0.9999892711639404
162,605.4354858398438,333.40924072265625,0.9999490976333618,659.6207885742188,440.3888854980469,0.9999994039535522,700.5210571289062,553.92333984375,0.999994158744812,756.572021484375,553.6803588867188,0.9999983310699463,613.0945434570312,333.2002868652344,0.004339171107858419,563.8953247070312,445.217041015625,0.9999971389770508,506.0489196777344,532.8529052734375,0.9999970197677612,545.6327514648438,560.35009765625,0.9999986886978149
163,607.2692260742188,333.8641662597656,0.999967098236084,662.7592163085938,439.1029357910156,0.9999995231628418,691.392822265625,554.0783081054688,0.9999986886978149,746.9386596679688,560.1113891601562,0.999995231628418,614.35791015625,334.4886169433594,0.003935866989195347,568.119384765625,444.91253662109375,0.9999834299087524,502.61968994140625,526.2876586914062,0.9999977350234985,534.5615234375,561.7206420898438,0.9999994039535522
164,611.7286376953125,332.3278503417969,0.9999918937683105,663.9340209960938,437.8896179199219,0.9999992847442627,679.956787109375,553.9352416992188,0.9999982118606567,734.234375,565.683349609375,0.9999986886978149,611.256103515625,332.922119140625,0.002387795364484191,576.7870483398438,444.6940612792969,0.9999960660934448,503.35546875,519.2702026367188,0.9999977350234985,520.7318725585938,564.5113525390625,0.9999986886978149
165,617.4072875976562,330.94403076171875,0.9999327659606934,663.22802734375,438.1738586425781,0.9999994039535522,667.0819091796875,553.7652587890625,0.9999934434890747,721.2798461914062,567.7792358398438,0.9999996423721313,667.9635620117188,540.7250366210938,0.0020706483628600836,590.0296630859375,445.39569091796875,0.9999781847000122,510.55877685546875,513.2794189453125,0.9999982118606567,510.9358825683594,562.4947509765625,0.9999994039535522
166,616.095703125,331.34503173828125,0.999915361404419,660.286865234375,437.9830322265625,0.9999996423721313,655.2338256835938,553.196044921875,0.9999933242797852,708.896728515625,568.8255615234375,0.9999992847442627,625.1814575195312,330.3750305175781,0.003148088464513421,605.064697265625,445.3985595703125,0.9999587535858154,520.697021484375,509.3353271484375,0.9999920129776001,514.7265625,559.056884765625,0.9999992847442627
167,611.03759765625,331.8319396972656,0.9994423985481262,656.6340942382812,437.2311706542969,0.9999990463256836,642.031494140625,552.6726684570312,0.9999985694885254,695.7984008789062,569.2296142578125,0.9999969005584717,614.5982666015625,332.3276672363281,0.006671714596450329,617.102294921875,443.5211181640625,0.9999675750732422,532.7720336914062,506.025634765625,0.9999985694885254,534.4131469726562,555.5902099609375,0.9999966621398926
168,613.3439331054688,327.92333984375,0.9999629259109497,650.2122192382812,436.23309326171875,0.9999983310699463,629.6738891601562,551.8441772460938,0.9999995231628418,682.716552734375,568.9702758789062,0.9999954700469971,619.5038452148438,329.4957580566406,0.002835908206179738,620.0563354492188,442.673583984375,0.9585386514663696,548.2491455078125,507.32672119140625,0.9999988079071045,559.8660278320312,554.9881591796875,0.999995231628418
169,615.4918823242188,324.85650634765625,0.9999927282333374,643.257080078125,435.9295959472656,0.9999997615814209,615.0493774414062,550.5509033203125,0.9999996423721313,670.2938232421875,569.5123291015625,0.9999912977218628,620.86865234375,328.0130920410156,0.002036175923421979,615.8453979492188,441.9267578125,0.7002862691879272,568.0169677734375,510.9500427246094,0.9999940395355225,583.337158203125,554.1832885742188,0.9999749660491943
170,615.0350341796875,322.1819152832031,0.9999868869781494,635.9198608398438,436.0481262207031,0.9999977350234985,603.351318359375,548.4039916992188,0.9999990463256836,656.7227172851562,569.7745361328125,0.9999940395355225,624.4207763671875,324.1724853515625,0.003907348494976759,610.4461059570312,441.5809020996094,0.0029711525421589613,591.4826049804688,514.3453979492188,0.9999690055847168,659.8777465820312,567.9041137695312,0.0053106858395040035
171,612.7120361328125,319.422119140625,0.999975323677063,626.6834106445312,436.435546875,0.9999959468841553,590.9332275390625,547.264404296875,0.999996542930603,644.4150390625,564.8549194335938,0.9999990463256836,587.2111206054688,539.8928833007812,0.0017191029619425535,655.0821533203125,430.6005859375,0.815112829208374,619.8911743164062,519.3043212890625,0.043138954788446426,645.3744506835938,563.5556030273438,0.01390385627746582
172,610.2513427734375,318.7606506347656,0.9999525547027588,616.4926147460938,438.0290832519531,0.9999316930770874,577.9920043945312,546.52294921875,0.9999997615814209,627.85107421875,569.5321655273438,0.9999953508377075,635.9660034179688,571.8192749023438,0.0027540631126612425,657.432861328125,428.9815673828125,0.9998968839645386,634.9685668945312,531.1122436523438,0.9999988079071045,675.2326049804688,551.0933837890625,0.9999996423721313
173,609.0457763671875,319.0899353027344,0.9998874664306641,610.3670654296875,439.6874694824219,0.9999978542327881,565.3388061523438,546.2967529296875,0.9999997615814209,614.8789672851562,571.630126953125,0.9999954700469971,572.702392578125,538.8084716796875,0.003823059843853116,659.555908203125,429.3850402832031,0.9999885559082031,659.7722778320312,535.7704467773438,0.9999992847442627,703.9795532226562,545.8930053710938,0.9999988079071045
174,607.8783569335938,320.8432922363281,0.9998468160629272,603.9005737304688,440.9693603515625,0.9999803304672241,552.2722778320312,544.7037353515625,0.9999986886978149,602.5259399414062,571.067138671875,0.9999796152114868,555.7566528320312,538.5234985351562,0.0041649723425507545,659.2471313476562,432.54437255859375,0.9999948740005493,681.7478637695312,534.7252807617188,0.9999970197677612,729.6884765625,530.3700561523438,0.9999978542327881
175,605.3676147460938,325.8490905761719,0.9999477863311768,598.8468627929688,442.35516357421875,0.9999977350234985,540.0471801757812,544.6069946289062,0.9999978542327881,589.2271118164062,572.2982177734375,0.999988317489624,539.4276733398438,538.5892944335938,0.002356929937377572,659.5789794921875,436.8840026855469,0.999998927116394,698.475341796875,533.3253784179688,0.9999984502792358,746.8320922851562,516.2337646484375,0.9999958276748657
176,604.524658203125,330.0859069824219,0.9999135732650757,594.502197265625,446.16845703125,0.999998927116394,528.2177124023438,543.9383544921875,0.9999986886978149,576.3737182617188,573.318359375,0.9999990463256836,619.3209838867188,330.2943420410156,0.0009525669156573713,661.787109375,439.6151428222656,0.9999969005584717,706.505615234375,533.1303100585938,0.9999995231628418,753.8590087890625,512.6212158203125,0.9999967813491821
177,606.2352294921875,333.0686950683594,0.9998546838760376,591.5679321289062,449.9927673339844,0.9999992847442627,516.8314819335938,541.9834594726562,0.9999988079071045,562.548583984375,575.6968383789062,0.9999997615814209,699.1226806640625,536.781494140625,0.001771563314832747,668.0379638671875,442.0495910644531,0.9999784231185913,704.9833374023438,539.2803955078125,0.9999982118606567,752.6192016601562,521.2072143554688,0.9999850988388062
178,607.3185424804688,337.4625244140625,0.9999352693557739,589.4541625976562,453.465087890625,0.9999991655349731,508.64007568359375,539.095458984375,0.9999899864196777,549.997314453125,577.0020751953125,0.9999998807907104,610.3311157226562,338.8182067871094,0.0020319006871432066,671.57177734375,442.9011535644531,0.9999961853027344,699.7490234375,543.4736328125,0.9999947547912598,747.2232666015625,535.2383422851562,0.999992847442627
179,610.3428955078125,339.84521484375,0.9999830722808838,591.6626586914062,457.3916931152344,0.9999954700469971,502.9744567871094,534.7775268554688,0.9999996423721313,536.9429931640625,579.6102294921875,0.9999995231628418,508.64642333984375,523.3679809570312,0.002460986841470003,673.8711547851562,446.25115966796875,0.9999979734420776,691.47509765625,545.671142578125,0.9999997615814209,739.8798828125,549.6604614257812,0.9999994039535522
