scorer,DLC_resnet50_Week3_Model1Jan20shuffle1_1030000,DLC_resnet50_Week3_Model1Jan20shuffle1_1030000,DLC_resnet50_Week3_Model1Jan20shuffle1_1030000,DLC_resnet50_Week3_Model1Jan20shuffle1_1030000,DLC_resnet50_Week3_Model1Jan20shuffle1_1030000,DLC_resnet50_Week3_Model1Jan20shuffle1_1030000,DLC_resnet50_Week3_Model1Jan20shuffle1_1030000,DLC_resnet50_Week3_Model1Jan20shuffle1_1030000,DLC_resnet50_Week3_Model1Jan20shuffle1_1030000,DLC_resnet50_Week3_Model1Jan20shuffle1_1030000,DLC_resnet50_Week3_Model1Jan20shuffle1_1030000,DLC_resnet50_Week3_Model1Jan20shuffle1_1030000,DLC_resnet50_Week3_Model1Jan20shuffle1_1030000,DLC_resnet50_Week3_Model1Jan20shuffle1_1030000,DLC_resnet50_Week3_Model1Jan20shuffle1_1030000,DLC_resnet50_Week3_Model1Jan20shuffle1_1030000,DLC_resnet50_Week3_Model1Jan20shuffle1_1030000,DLC_resnet50_Week3_Model1Jan20shuffle1_1030000,DLC_resnet50_Week3_Model1Jan20shuffle1_1030000,DLC_resnet50_Week3_Model1Jan20shuffle1_1030000,DLC_resnet50_Week3_Model1Jan20shuffle1_1030000,DLC_resnet50_Week3_Model1Jan20shuffle1_1030000,DLC_resnet50_Week3_Model1Jan20shuffle1_1030000,DLC_resnet50_Week3_Model1Jan20shuffle1_1030000
bodyparts,Right_Hip,Right_Hip,Right_Hip,Right_Knee,Right_Knee,Right_Knee,Right_Ankle,Right_Ankle,Right_Ankle,Right_Toe,Right_Toe,Right_Toe,Left_Hip,Left_Hip,Left_Hip,Left_Knee,Left_Knee,Left_Knee,Left_Ankle,Left_Ankle,Left_Ankle,Left_Toe,Left_Toe,Left_Toe
coords,x,y,likelihood,x,y,likelihood,x,y,likelihood,x,y,likelihood,x,y,likelihood,x,y,likelihood,x,y,likelihood,x,y,likelihood
0,634.9252319335938,342.4995422363281,0.9999780654907227,632.1892700195312,480.537109375,0.9999786615371704,617.0528564453125,605.9098510742188,0.9999891519546509,610.0009155273438,656.5697631835938,0.999998927116394,704.6213989257812,342.17681884765625,0.9999462366104126,691.0853881835938,493.8935546875,0.999996542930603,668.600341796875,612.9435424804688,0.9999995231628418,692.4332885742188,637.7987060546875,0.9999985694885254
1,634.9254760742188,342.5218505859375,0.9999778270721436,632.1602172851562,480.5383605957031,0.9999788999557495,617.0687866210938,605.9075927734375,0.9999890327453613,609.9951782226562,656.5675659179688,0.999998927116394,704.6183471679688,342.2630310058594,0.999943733215332,691.0693359375,493.9028625488281,0.9999964237213135,668.6007690429688,612.9439086914062,0.9999995231628418,692.4326782226562,637.7996215820312,0.9999985694885254
2,635.5032958984375,342.670654296875,0.9999680519104004,632.677978515625,479.860107421875,0.9999649524688721,619.4138793945312,605.9168090820312,0.9999899864196777,610.907958984375,656.0474853515625,0.9999990463256836,705.0444946289062,343.3491516113281,0.9999148845672607,691.554931640625,493.6411437988281,0.9999964237213135,668.5956420898438,612.6466064453125,0.9999994039535522,692.6863403320312,636.71923828125,0.9999988079071045
3,636.5780029296875,342.9521484375,0.9999535083770752,633.847900390625,478.86309814453125,0.9999548196792603,622.8872680664062,606.076904296875,0.9999916553497314,612.7262573242188,655.551513671875,0.9999994039535522,705.0252685546875,344.0995788574219,0.9998158812522888,691.6517333984375,493.1015319824219,0.9999966621398926,669.0319213867188,611.5057983398438,0.999998927116394,692.9959716796875,635.8323974609375,0.9999990463256836
4,637.3233642578125,342.7042541503906,0.9999489784240723,634.9237670898438,477.982177734375,0.99994957447052,625.6940307617188,607.527587890625,0.9999973773956299,615.5780029296875,655.9778442382812,0.9999992847442627,705.3558349609375,343.95654296875,0.999861478805542,691.92529296875,492.8385314941406,0.9999961853027344,669.197509765625,611.3353271484375,0.9999986886978149,692.8619384765625,635.9013061523438,0.9999990463256836
5,638.37646484375,342.5019226074219,0.999929666519165,637.2877197265625,477.6263427734375,0.999950647354126,627.0758056640625,609.68701171875,0.9999994039535522,618.8795776367188,655.2360229492188,0.999996542930603,705.7947387695312,344.04931640625,0.9998239874839783,691.8944091796875,492.76800537109375,0.9999960660934448,669.2685546875,610.8287963867188,0.9999980926513672,692.7947998046875,635.4698486328125,0.9999990463256836
6,639.7406616210938,343.2957763671875,0.99988853931427,639.2643432617188,478.1853942871094,0.9999630451202393,628.0728149414062,611.8430786132812,0.9999992847442627,622.4944458007812,654.890869140625,0.9999918937683105,707.0706787109375,344.68682861328125,0.9998319149017334,692.3366088867188,492.8433532714844,0.9999954700469971,669.3036499023438,609.8392944335938,0.9999974966049194,692.6795043945312,635.3667602539062,0.999998927116394
7,640.4307250976562,344.4873962402344,0.9998735189437866,641.0428466796875,477.89874267578125,0.9999858140945435,629.8384399414062,614.8444213867188,0.9999982118606567,626.9324951171875,655.1045532226562,0.999997615814209,708.3223876953125,345.2940368652344,0.9997610449790955,692.7802734375,493.0888671875,0.999995231628418,669.3515625,610.1759643554688,0.9999983310699463,692.5247192382812,635.7855224609375,0.9999988079071045
8,640.794189453125,346.53155517578125,0.9999417066574097,642.2025756835938,478.6082458496094,0.9999583959579468,630.4312133789062,617.6126708984375,0.9999933242797852,629.916259765625,654.2831420898438,0.9999866485595703,708.101806640625,346.7763671875,0.9998553991317749,692.5844116210938,493.957275390625,0.9999954700469971,668.7832641601562,609.934326171875,0.9999979734420776,692.1735229492188,636.3351440429688,0.9999986886978149
9,640.517822265625,347.4769287109375,0.9999672174453735,641.9414672851562,478.5928039550781,0.9998681545257568,631.8698120117188,619.7000122070312,0.9999740123748779,632.9779663085938,652.6461791992188,0.9999635219573975,707.8821411132812,347.8280029296875,0.9997928738594055,692.0575561523438,494.8855285644531,0.999994158744812,668.2192993164062,609.7649536132812,0.9999963045120239,691.6472778320312,637.4541015625,0.9999984502792358
10,639.92578125,349.346923828125,0.9999381303787231,641.2952270507812,478.7736511230469,0.9996479749679565,632.6785278320312,621.1891479492188,0.999289870262146,633.7220458984375,651.456298828125,0.9999212026596069,707.84814453125,349.6995544433594,0.9994848966598511,691.6250610351562,495.6214294433594,0.9999961853027344,667.3659057617188,609.318603515625,0.999994158744812,691.0874633789062,638.3026123046875,0.9999978542327881
11,640.2313232421875,350.24884033203125,0.9999154806137085,642.854248046875,481.68206787109375,0.9998770952224731,634.3347778320312,623.2487182617188,0.9965161085128784,634.19873046875,651.3842163085938,0.9997989535331726,708.920166015625,350.4739685058594,0.9993053674697876,691.499755859375,496.2610778808594,0.9999969005584717,667.5670776367188,608.6215209960938,0.9999899864196777,691.17529296875,638.3429565429688,0.999997615814209
12,639.8358764648438,351.50518798828125,0.9998733997344971,643.0894165039062,483.9341735839844,0.9999219179153442,635.4095458984375,623.9733276367188,0.9879642724990845,633.4656982421875,652.3063354492188,0.9998900890350342,708.9673461914062,350.9205627441406,0.9995369911193848,691.4286499023438,497.0296325683594,0.9999978542327881,667.2130737304688,607.9373779296875,0.999982476234436,690.8519287109375,638.3864135742188,0.9999974966049194
13,639.8253784179688,352.41900634765625,0.9999264478683472,643.6650390625,485.3404235839844,0.9999469518661499,635.5671997070312,627.0145263671875,0.9965608716011047,632.8428344726562,655.4877319335938,0.999976396560669,709.5659790039062,352.0385437011719,0.9995583891868591,691.3392333984375,497.7290344238281,0.9999982118606567,667.8630981445312,606.6165771484375,0.999976396560669,690.5629272460938,638.1520385742188,0.9999974966049194
14,638.5437622070312,354.06683349609375,0.9999663829803467,643.410888671875,488.312744140625,0.9999446868896484,634.694091796875,632.7096557617188,0.9910394549369812,633.3643798828125,661.5489501953125,0.9999821186065674,708.667724609375,353.34405517578125,0.9995280504226685,691.3388671875,498.8115539550781,0.9999985694885254,669.4111328125,604.0755004882812,0.9999663829803467,689.9224243164062,638.2501831054688,0.9999958276748657
15,637.02978515625,355.09124755859375,0.9999850988388062,643.2500610351562,491.4427185058594,0.999981164932251,634.8170166015625,635.5339965820312,0.9992000460624695,634.2313842773438,668.0496826171875,0.9998518228530884,707.3170776367188,354.3770751953125,0.9998916387557983,691.4378662109375,499.7295227050781,0.9999985694885254,669.9776611328125,601.812255859375,0.9999852180480957,689.1813354492188,638.0642700195312,0.9999934434890747
16,635.4906616210938,356.41748046875,0.9999873638153076,643.2786865234375,492.3260803222656,0.9999881982803345,634.9301147460938,636.6091918945312,0.9997860789299011,634.18359375,673.0535888671875,0.9999568462371826,705.7150268554688,355.7423400878906,0.9998200535774231,691.42041015625,499.9908447265625,0.9999983310699463,670.8209838867188,598.9573974609375,0.9999943971633911,688.6537475585938,638.0531616210938,0.9999897480010986
17,634.6932983398438,356.9136657714844,0.999976634979248,643.2903442382812,494.04010009765625,0.9999927282333374,634.8330688476562,636.4745483398438,0.9998874664306641,634.4591064453125,677.362548828125,0.99997878074646,705.5748901367188,355.7071533203125,0.9995542168617249,692.4829711914062,500.53424072265625,0.9999985694885254,671.6182861328125,595.3920288085938,0.9999960660934448,687.7110595703125,637.8729248046875,0.9999877214431763
18,633.208740234375,355.6642150878906,0.9999613761901855,642.694580078125,495.7891540527344,0.9999854564666748,634.6177978515625,636.5877075195312,0.9999260902404785,634.1828002929688,679.90234375,0.9999680519104004,703.9566040039062,353.5493469238281,0.9996652603149414,694.0704345703125,501.4928894042969,0.9999978542327881,672.4238891601562,592.220703125,0.9999945163726807,687.4703979492188,637.1351928710938,0.9999833106994629
19,630.3760986328125,354.1971740722656,0.9999480247497559,642.1420288085938,496.1130676269531,0.9999873638153076,634.740966796875,635.5250854492188,0.9999417066574097,633.8923950195312,680.6682739257812,0.9999575614929199,701.3262329101562,351.19281005859375,0.9995459914207458,696.5057373046875,502.18609619140625,0.9999915361404419,673.2638549804688,587.4740600585938,0.9999939203262329,687.7349243164062,637.098388671875,0.999987006187439
20,628.740478515625,352.2690124511719,0.9998663663864136,638.4537353515625,497.06103515625,0.9999912977218628,634.6925659179688,634.4591674804688,0.9999383687973022,633.5662841796875,680.78466796875,0.9999606609344482,699.7249755859375,346.9044494628906,0.9994503855705261,698.2835083007812,503.47613525390625,0.9999886751174927,675.5823974609375,583.6358642578125,0.9999980926513672,687.6719360351562,638.2343139648438,0.9999911785125732
21,628.0673217773438,351.7659606933594,0.9997560381889343,636.4346923828125,498.21710205078125,0.9999936819076538,634.0467529296875,631.90576171875,0.9999818801879883,632.6166381835938,678.8455200195312,0.9999898672103882,700.4116821289062,345.3966369628906,0.9986425042152405,699.369140625,503.90753173828125,0.9999899864196777,677.4574584960938,578.8800048828125,0.9999992847442627,685.8638305664062,637.4303588867188,0.9999727010726929
22,626.5198974609375,351.5833435058594,0.9997962117195129,635.2833251953125,498.94061279296875,0.9999911785125732,633.6162719726562,631.0340576171875,0.9999836683273315,631.9517822265625,678.49169921875,0.9999945163726807,701.62939453125,342.2291259765625,0.9987204074859619,701.078369140625,505.7649230957031,0.9999691247940063,678.917724609375,576.3829956054688,0.9999973773956299,683.5279541015625,635.9861450195312,0.9999328851699829
23,624.5970458984375,352.4756164550781,0.9998615980148315,634.8762817382812,499.2749938964844,0.9999912977218628,632.9669189453125,629.17041015625,0.9999873638153076,631.4705810546875,677.1107788085938,0.9999973773956299,704.8170776367188,344.180908203125,0.9998350143432617,702.4541015625,507.3162841796875,0.9999164342880249,679.8670654296875,574.677978515625,0.9999904632568359,683.2361450195312,636.6807861328125,0.9999175071716309
24,623.5936279296875,353.0432434082031,0.999886155128479,632.80224609375,502.5723876953125,0.99997878074646,632.257568359375,626.310546875,0.9999812841415405,631.521240234375,675.7553100585938,0.9999982118606567,701.9916381835938,344.3818054199219,0.9999055862426758,704.7350463867188,507.7294616699219,0.9999779462814331,680.4149169921875,578.6788330078125,0.9999983310699463,684.3087768554688,641.6630249023438,0.9999880790710449
25,623.798828125,352.5289001464844,0.9998937845230103,632.7439575195312,503.6398010253906,0.9999655485153198,632.7179565429688,622.5819091796875,0.9999635219573975,631.171142578125,673.5056762695312,0.9999992847442627,700.7490234375,342.60601806640625,0.999976634979248,704.7772216796875,506.211181640625,0.9999603033065796,679.76953125,585.3865356445312,0.9999942779541016,687.5878295898438,649.9732666015625,0.9999604225158691
26,623.5474243164062,351.5755615234375,0.9998212456703186,631.6530151367188,503.2655944824219,0.9999892711639404,632.0220336914062,617.5802001953125,0.9999887943267822,630.0000610351562,670.761474609375,0.9999991655349731,697.8465576171875,341.234375,0.9999628067016602,703.4058837890625,503.06829833984375,0.9999469518661499,680.3377075195312,594.3175048828125,0.9999959468841553,690.276123046875,658.8696899414062,0.9999943971633911
27,623.260498046875,350.23779296875,0.9998321533203125,631.3112182617188,503.6431579589844,0.9999923706054688,631.4351806640625,617.5814819335938,0.9999947547912598,629.4400634765625,670.16162109375,0.9999986886978149,698.8208618164062,340.4230041503906,0.9999669790267944,701.6964721679688,500.5714111328125,0.999987006187439,680.1593627929688,609.2909545898438,0.9999924898147583,694.2933349609375,670.0473022460938,0.9999772310256958
28,624.8677978515625,350.189453125,0.9999457597732544,631.3202514648438,505.0732116699219,0.9999892711639404,631.8164672851562,615.3590087890625,0.9999964237213135,629.1006469726562,667.9130859375,0.9999969005584717,698.5816650390625,339.9137878417969,0.9999734163284302,699.3886108398438,498.2815246582031,0.9999914169311523,679.7797241210938,624.1621704101562,0.9999855756759644,698.0789794921875,677.7219848632812,0.9999774694442749
29,623.7405395507812,350.8238830566406,0.999906063079834,630.5040893554688,506.16705322265625,0.9999951124191284,630.5665283203125,613.2526245117188,0.9999990463256836,628.2551879882812,664.480224609375,0.9999979734420776,697.3046875,340.7122802734375,0.999974250793457,696.2750854492188,497.6438293457031,0.9999861717224121,678.43408203125,639.8843994140625,0.9999737739562988,696.2899780273438,687.6792602539062,0.9999638795852661
30,620.8575439453125,353.9020690917969,0.9999202489852905,628.545654296875,507.50958251953125,0.9999977350234985,630.3173217773438,610.52099609375,0.9999986886978149,628.2683715820312,661.1709594726562,0.9999994039535522,695.9176025390625,342.6578063964844,0.9999737739562988,693.988037109375,498.6890563964844,0.9999970197677612,677.9102172851562,650.280029296875,0.9999802112579346,694.34033203125,693.3428955078125,0.9999978542327881
31,618.8311767578125,356.78424072265625,0.9999504089355469,627.6885986328125,509.26251220703125,0.9999977350234985,629.9775390625,607.54736328125,0.9999953508377075,627.891357421875,659.0350341796875,0.9999996423721313,695.38623046875,345.592041015625,0.9999630451202393,691.3893432617188,501.41046142578125,0.9999972581863403,676.16748046875,653.9093627929688,0.9999862909317017,687.2940673828125,690.2141723632812,0.9999960660934448
32,617.06103515625,361.39111328125,0.9999696016311646,627.8180541992188,510.3401184082031,0.9999974966049194,630.7525024414062,604.5596313476562,0.9999973773956299,626.8484497070312,655.6974487304688,0.9999994039535522,694.8569946289062,352.236572265625,0.9999661445617676,689.582275390625,505.0023498535156,0.9999926090240479,673.7669067382812,652.2877197265625,0.9970129728317261,678.7708740234375,676.705810546875,0.9999995231628418
33,616.2769775390625,361.5181884765625,0.9999812841415405,627.3005981445312,511.39013671875,0.999996542930603,630.9180908203125,600.9127807617188,0.9999969005584717,626.247314453125,652.3085327148438,0.9999978542327881,694.0197143554688,355.6986389160156,0.9999856948852539,687.1446533203125,507.13739013671875,0.9999847412109375,672.1472778320312,649.589111328125,0.019284948706626892,673.2857666015625,671.1972045898438,0.999995231628418
34,616.6101684570312,355.108642578125,0.9999899864196777,628.1965942382812,513.3649291992188,0.999998927116394,631.14013671875,598.237060546875,0.9999988079071045,626.2515869140625,651.7680053710938,0.9999973773956299,692.9208374023438,354.1630554199219,0.9999879598617554,684.4343872070312,508.2275695800781,0.9999693632125854,668.9963989257812,661.038330078125,0.9923227429389954,672.70947265625,683.7760009765625,0.999997615814209
35,616.928955078125,350.05047607421875,0.9999697208404541,628.41259765625,513.5703125,0.9999991655349731,631.0755004882812,593.5465698242188,0.9999971389770508,624.2837524414062,650.07421875,0.9999901056289673,689.70947265625,346.0753479003906,0.999977707862854,680.4112548828125,509.9296875,0.9999797344207764,664.9292602539062,666.1175537109375,0.9999792575836182,666.0896606445312,698.9051513671875,0.99998939037323
36,617.4500122070312,350.1090087890625,0.9999688863754272,628.49462890625,516.195068359375,0.9999994039535522,633.9458618164062,588.1362915039062,0.999971866607666,622.7977905273438,648.9917602539062,0.9999681711196899,689.2684936523438,345.8085021972656,0.9999637603759766,678.570556640625,512.4168090820312,0.9999924898147583,664.86279296875,667.36669921875,0.9999587535858154,660.5809326171875,709.2393798828125,0.9999977350234985
37,616.7733764648438,353.53790283203125,0.9999868869781494,625.4031372070312,521.5950927734375,0.9999949932098389,644.1307983398438,581.3487548828125,0.9999990463256836,620.6275634765625,644.9481201171875,0.9999890327453613,688.6815185546875,349.77880859375,0.9999277591705322,676.969482421875,513.1224365234375,0.999996542930603,665.2395629882812,663.51123046875,0.9999954700469971,659.5504760742188,709.1724243164062,0.9999961853027344
38,617.12890625,357.627685546875,0.999963641166687,618.5110473632812,525.7279052734375,0.9999648332595825,648.1213989257812,573.7654418945312,0.9999936819076538,617.1224975585938,637.6846313476562,0.9999618530273438,689.6705932617188,350.9686584472656,0.9999567270278931,675.4447631835938,511.5386047363281,0.9999908208847046,664.4291381835938,660.5520629882812,0.9999967813491821,657.8011474609375,708.326416015625,0.9999895095825195
39,615.2898559570312,360.76190185546875,0.9999061822891235,611.9432983398438,525.9238891601562,0.9999960660934448,647.1135864257812,572.312744140625,0.9999961853027344,614.1439208984375,636.4948120117188,0.9999933242797852,687.4521484375,348.7527770996094,0.9998683929443359,674.7838745117188,511.84075927734375,0.999995231628418,663.1829833984375,656.8311157226562,0.9999949932098389,655.9405517578125,704.2940063476562,0.999923586845398
40,614.7213134765625,352.84088134765625,0.9999591112136841,606.921630859375,524.3505249023438,0.9999643564224243,644.7554931640625,577.27685546875,0.9999985694885254,610.6953735351562,642.5516357421875,0.9999996423721313,686.5975341796875,346.7514953613281,0.9998190999031067,674.9083862304688,512.5200805664062,0.9999969005584717,662.2630615234375,653.8042602539062,0.9999909400939941,655.9320678710938,701.24755859375,0.9999443292617798
41,607.9384765625,349.1956787109375,0.9998743534088135,602.7035522460938,519.0745849609375,0.9999889135360718,638.4304809570312,586.6019897460938,0.9999877214431763,601.5128784179688,651.5217895507812,0.9999850988388062,684.5162963867188,343.70745849609375,0.9999768733978271,674.5706787109375,510.9201965332031,0.9999897480010986,661.2330932617188,650.30078125,0.9999885559082031,654.796630859375,698.5042114257812,0.9999562501907349
42,606.7767333984375,343.2060546875,0.9998728036880493,599.7229614257812,512.5142211914062,0.9999951124191284,628.1201782226562,597.0360107421875,0.9999980926513672,590.258544921875,664.7528686523438,0.9999814033508301,683.5020141601562,340.8580017089844,0.9999833106994629,674.4384765625,509.2748107910156,0.9999957084655762,660.3209838867188,646.8936767578125,0.9999980926513672,653.5602416992188,695.9337158203125,0.9999816417694092
43,606.3175048828125,340.1422119140625,0.9999274015426636,598.3507690429688,507.2916259765625,0.9999939203262329,614.2662353515625,610.0382080078125,0.9999978542327881,580.56103515625,679.806640625,0.9999971389770508,681.7830810546875,339.35699462890625,0.9999628067016602,674.6957397460938,508.4612121582031,0.9999955892562866,660.33984375,643.1233520507812,0.9999979734420776,653.6619873046875,693.0086669921875,0.999988317489624
44,605.2535400390625,337.7526550292969,0.999967098236084,596.5484619140625,495.2842712402344,0.9999940395355225,598.23486328125,622.2022094726562,0.9999938011169434,570.54052734375,685.035888671875,0.9999349117279053,680.8434448242188,335.3728942871094,0.9998965263366699,674.9734497070312,504.0860595703125,0.9999959468841553,657.7177734375,636.2041625976562,0.999994158744812,650.0919799804688,685.645751953125,0.9999309778213501
45,605.732177734375,337.7940368652344,0.9999583959579468,596.6965942382812,492.3728332519531,0.9999935626983643,586.1138916015625,636.5816650390625,0.9999816417694092,565.0810546875,694.2040405273438,0.9999992847442627,679.4083251953125,334.8988342285156,0.9999345541000366,675.6295166015625,502.92230224609375,0.9999984502792358,658.3353271484375,635.4432373046875,0.999991774559021,650.7689208984375,685.2609252929688,0.9999243021011353
46,603.7987060546875,340.9648742675781,0.999961256980896,599.3173217773438,492.41680908203125,0.9999915361404419,572.3555297851562,646.1832275390625,0.9999971389770508,557.8840942382812,689.3607788085938,0.9999961853027344,677.0521850585938,333.0131530761719,0.9999440908432007,674.4541015625,501.6190185546875,0.9999990463256836,657.4268188476562,630.2470703125,0.9999983310699463,648.8903198242188,678.9156494140625,0.9999879598617554
47,600.8089599609375,344.0231628417969,0.9999392032623291,597.4353637695312,495.4602355957031,0.9999918937683105,563.8563232421875,650.3211059570312,0.9999935626983643,553.2335205078125,683.9249267578125,0.9999552965164185,673.2862548828125,339.0119323730469,0.9999158382415771,672.9183959960938,502.2843933105469,0.9999983310699463,655.1986694335938,627.7485961914062,0.9999966621398926,648.1701049804688,676.0535888671875,0.9999924898147583
48,597.301513671875,350.4519958496094,0.9999769926071167,590.6004028320312,497.75482177734375,0.9999783039093018,561.6444091796875,648.0713500976562,0.999869704246521,552.506591796875,675.4384155273438,0.9999434947967529,668.1687622070312,342.04864501953125,0.999701201915741,670.4404907226562,503.10791015625,0.9999960660934448,652.989013671875,622.4178466796875,0.9999890327453613,647.6568603515625,669.8318481445312,0.9999852180480957
49,593.5333862304688,352.2219543457031,0.9999063014984131,586.5537109375,501.38250732421875,0.9999372959136963,558.564453125,652.853759765625,0.9986404776573181,547.8387451171875,677.2420654296875,0.9999159574508667,665.72900390625,343.9017333984375,0.9998176693916321,667.441162109375,505.1144104003906,0.9999877214431763,649.982177734375,618.1801147460938,0.9999865293502808,646.701171875,667.2677001953125,0.9999864101409912
50,590.2368774414062,352.5999755859375,0.9998711347579956,582.5145263671875,504.6862487792969,0.9999110698699951,555.1717529296875,659.9916381835938,0.9999438524246216,541.7181396484375,689.7085571289062,0.9999430179595947,661.0465087890625,345.0660705566406,0.9998348951339722,664.2171630859375,507.7124328613281,0.999992847442627,648.506591796875,615.4163818359375,0.9999935626983643,644.9178466796875,663.4932861328125,0.9999963045120239
51,586.3711547851562,353.5080871582031,0.9997908473014832,576.6154174804688,507.3872375488281,0.9999898672103882,551.9077758789062,662.4697265625,0.9999793767929077,537.8768310546875,699.3359375,0.999362051486969,656.003173828125,345.5912170410156,0.999195396900177,660.9773559570312,509.50048828125,0.999996542930603,647.6783447265625,611.2599487304688,0.9999933242797852,644.0709838867188,660.4791259765625,0.9999972581863403
52,580.007080078125,353.9189453125,0.9998080134391785,567.234619140625,508.66033935546875,0.9999902248382568,548.9270629882812,659.3174438476562,0.9999983310699463,533.9622192382812,702.8455810546875,0.9999392032623291,649.1552734375,347.71441650390625,0.9950594902038574,659.260498046875,511.42681884765625,0.9999964237213135,647.0730590820312,605.1026000976562,0.9999396800994873,641.4157104492188,656.79248046875,0.9999650716781616
53,576.1630859375,352.7999267578125,0.9997316002845764,562.3028564453125,506.9866027832031,0.9999938011169434,549.3564453125,656.8995971679688,0.9999974966049194,532.45263671875,704.5114135742188,0.9999791383743286,645.9205932617188,345.0858154296875,0.9976663589477539,659.4989624023438,513.876708984375,0.9999984502792358,648.89697265625,599.4173583984375,0.9999682903289795,642.6209716796875,655.9771728515625,0.9998582601547241
54,572.6356811523438,351.8936767578125,0.9998364448547363,557.3375244140625,510.25274658203125,0.999962329864502,549.8231811523438,657.5938720703125,0.9999983310699463,532.6676635742188,706.1097412109375,0.9999881982803345,644.5322265625,344.294921875,0.9993756413459778,658.10400390625,519.1390991210938,0.999991774559021,650.7560424804688,597.4375610351562,0.9999674558639526,641.3427734375,658.592529296875,0.9998475313186646
55,569.2318725585938,351.4388427734375,0.9997192025184631,554.7606811523438,509.3150634765625,0.9999663829803467,550.0521850585938,650.7766723632812,0.9999973773956299,531.403076171875,700.8409423828125,0.9999712705612183,642.2005004882812,342.306396484375,0.9993756413459778,655.2028198242188,518.7696533203125,0.9999635219573975,649.3973999023438,592.0726318359375,0.9998519420623779,642.1062622070312,652.185302734375,0.9994083642959595
56,566.1727905273438,347.74139404296875,0.9999470710754395,553.9918823242188,510.32373046875,0.9999498128890991,550.0717163085938,646.0489501953125,0.9999990463256836,531.7306518554688,697.5253295898438,0.9999736547470093,642.0073852539062,338.8288879394531,0.9998624324798584,654.171142578125,516.8115234375,0.9999667406082153,645.3665161132812,588.5490112304688,0.9999656677246094,641.1019897460938,653.1722412109375,0.9996484518051147
57,563.28173828125,346.3723449707031,0.9999723434448242,553.0341186523438,510.5115051269531,0.9999703168869019,550.1312866210938,641.9700317382812,0.9999986886978149,531.4218139648438,694.3901977539062,0.9999943971633911,641.9984130859375,335.2715148925781,0.999915599822998,653.0391845703125,513.297119140625,0.9999688863754272,639.7202758789062,591.0126342773438,0.9999650716781616,640.32421875,658.842041015625,0.9998192191123962
58,562.244384765625,344.4071044921875,0.9999678134918213,553.6483764648438,509.88726806640625,0.9999586343765259,549.88525390625,639.0906982421875,0.9999963045120239,531.2574462890625,693.0526733398438,0.9999973773956299,641.26123046875,330.8069152832031,0.9999606609344482,651.750244140625,510.4111633300781,0.9999136924743652,633.2403564453125,600.1920776367188,0.9999828338623047,638.0733642578125,670.4223022460938,0.9997518658638
59,558.4808959960938,344.530029296875,0.9999011754989624,552.1985473632812,508.8019104003906,0.9999891519546509,550.9908447265625,635.2793579101562,0.9999958276748657,531.827880859375,689.513671875,0.9999988079071045,639.521240234375,330.9310302734375,0.9999456405639648,650.1180419921875,506.2314758300781,0.999879002571106,629.2293090820312,611.6607055664062,0.9999927282333374,640.0240478515625,679.8654174804688,0.9994795918464661
60,557.9573974609375,344.55267333984375,0.9997166991233826,550.5128173828125,507.0323486328125,0.9999942779541016,549.8470458984375,631.0722045898438,0.9999990463256836,530.6047973632812,684.8760986328125,0.9999947547912598,638.1561279296875,330.2261962890625,0.9999246597290039,647.294189453125,503.77545166015625,0.9999747276306152,625.3343505859375,627.4027709960938,0.9999972581863403,636.1122436523438,690.3425903320312,0.9997037053108215
61,555.1674194335938,344.8820495605469,0.999744713306427,548.5003662109375,507.02734375,0.9999960660934448,550.07421875,626.8507690429688,0.9999988079071045,530.6036376953125,681.336669921875,0.9999960660934448,636.2916259765625,330.3498840332031,0.9999158382415771,642.860107421875,501.9211120605469,0.9999934434890747,623.3088989257812,644.1264038085938,0.9999964237213135,638.5581665039062,698.2545776367188,0.9999228715896606
62,551.6315307617188,346.810302734375,0.9999432563781738,547.5111083984375,508.5268859863281,0.9999974966049194,549.7153930664062,625.3419799804688,0.9999982118606567,529.7686767578125,679.319091796875,0.9999972581863403,632.5035400390625,332.3154602050781,0.9999120235443115,637.6317138671875,504.42730712890625,0.9999483823776245,622.7354125976562,659.293212890625,0.999996542930603,640.307861328125,706.1959228515625,0.9999942779541016
63,551.1593017578125,349.52789306640625,0.9999488592147827,546.7769165039062,508.78131103515625,0.9999967813491821,548.8082885742188,620.6223754882812,0.9999977350234985,529.4525756835938,674.486083984375,0.9999994039535522,631.7384643554688,334.1462097167969,0.9999550580978394,633.3162231445312,507.0552673339844,0.9999451637268066,622.8969116210938,666.36962890625,0.9999812841415405,638.8099365234375,703.764404296875,0.9999935626983643
64,549.9732055664062,350.07391357421875,0.999957799911499,546.0903930664062,510.7895202636719,0.9999924898147583,549.4530639648438,617.100341796875,0.9999972581863403,529.7228393554688,672.28271484375,0.9999980926513672,630.4713745117188,337.11151123046875,0.9999866485595703,632.0986328125,511.89727783203125,0.9999775886535645,623.0841674804688,665.710693359375,0.9999878406524658,638.5172119140625,690.1053466796875,0.9999973773956299
65,548.3209838867188,351.4751892089844,0.9999748468399048,545.4338989257812,512.78173828125,0.999997615814209,549.2064819335938,611.2276611328125,0.9999991655349731,529.1354370117188,668.3296508789062,0.9999946355819702,630.2614135742188,341.2067565917969,0.9999902248382568,629.0038452148438,515.0637817382812,0.9999979734420776,618.7525024414062,664.6624145507812,0.9994716048240662,633.44970703125,682.20947265625,0.9999614953994751
66,547.6810913085938,352.2337646484375,0.9999792575836182,546.4059448242188,516.7772827148438,0.999998927116394,548.3425903320312,606.775634765625,0.9999963045120239,528.50146484375,666.1439819335938,0.9999865293502808,630.4916381835938,341.75445556640625,0.9999887943267822,627.238037109375,516.4712524414062,0.9999983310699463,616.3524169921875,671.4183349609375,0.9999362230300903,629.7213134765625,694.1843872070312,0.9999986886978149
67,547.0669555664062,353.570068359375,0.9999926090240479,547.5624389648438,521.59130859375,0.9999977350234985,548.0487060546875,602.9347534179688,0.9999971389770508,528.7694702148438,663.6739501953125,0.9999876022338867,630.2408447265625,345.76556396484375,0.9999659061431885,626.0902099609375,517.3394775390625,0.9999977350234985,615.1707153320312,677.213623046875,0.9999977350234985,620.50537109375,711.5613403320312,0.9999709129333496
68,550.324462890625,354.1784362792969,0.9999957084655762,550.3192138671875,524.0533447265625,0.9999971389770508,547.6025390625,593.0192260742188,0.9999963045120239,529.3153686523438,658.8103637695312,0.9999983310699463,632.356201171875,348.77294921875,0.9999293088912964,628.2113037109375,517.2185668945312,0.9999982118606567,617.557861328125,675.1189575195312,0.9999954700469971,618.8767700195312,718.8218994140625,0.8047584891319275
69,552.9586791992188,354.9995422363281,0.9999911785125732,549.9237060546875,529.94482421875,0.9999977350234985,555.5833740234375,586.2572631835938,0.9998382329940796,530.923583984375,652.965576171875,0.9999880790710449,633.6334228515625,350.61810302734375,0.9998358488082886,629.9713134765625,516.2573852539062,0.9999978542327881,618.2868041992188,670.7977294921875,0.9999761581420898,617.3265991210938,718.022705078125,0.6978344917297363
70,556.9255981445312,354.9140930175781,0.9999889135360718,547.91552734375,533.5216674804688,0.9999985694885254,566.0281982421875,583.2496337890625,0.9999939203262329,531.0275268554688,648.5667114257812,0.9999792575836182,635.8646850585938,348.2418212890625,0.9998800754547119,629.8623657226562,515.4921875,0.9999978542327881,617.164794921875,668.905517578125,0.9999645948410034,618.2049560546875,717.73779296875,0.8967680931091309
71,559.9965209960938,352.04302978515625,0.9999586343765259,546.00927734375,530.69873046875,0.9999982118606567,569.9096069335938,582.1815185546875,0.9999954700469971,532.06884765625,649.3125,0.9999748468399048,639.175048828125,343.509521484375,0.9999560117721558,629.5364990234375,514.607177734375,0.9999970197677612,617.7515258789062,664.6343994140625,0.9999839067459106,619.1249389648438,713.3472900390625,0.9998440742492676
72,558.3438110351562,341.16162109375,0.9999674558639526,544.4129028320312,527.1392822265625,0.9999891519546509,571.0865478515625,585.8355102539062,0.999985933303833,533.82421875,655.6323852539062,0.9999982118606567,639.9185791015625,338.1634216308594,0.999971866607666,628.0545043945312,514.011962890625,0.9999972581863403,618.0557250976562,659.5890502929688,0.9999954700469971,619.5198974609375,709.808349609375,0.9999724626541138
73,557.366455078125,337.46832275390625,0.9999792575836182,543.9891967773438,520.0291137695312,0.9999760389328003,568.5147705078125,595.9612426757812,0.9999974966049194,531.1564331054688,666.7900390625,0.999997615814209,639.1920776367188,333.5020751953125,0.9999321699142456,628.3944702148438,513.277587890625,0.9999971389770508,615.6808471679688,654.6852416992188,0.9999758005142212,618.144287109375,705.4668579101562,0.9999829530715942
74,555.8456420898438,333.4518737792969,0.9999369382858276,544.38427734375,512.599365234375,0.9999899864196777,565.2969970703125,605.4833984375,0.9999934434890747,531.1348266601562,677.5684814453125,0.9999997615814209,637.9286499023438,331.6180419921875,0.9999213218688965,629.4466552734375,510.5976257324219,0.9999934434890747,615.4730224609375,650.2393188476562,0.9999810457229614,618.0996704101562,699.2445068359375,0.9999347925186157
75,557.024169921875,331.9626770019531,0.9999508857727051,546.2042846679688,506.02984619140625,0.9999877214431763,559.9306030273438,622.848388671875,0.9999558925628662,531.3202514648438,689.6729125976562,0.999998927116394,636.826416015625,332.0693664550781,0.9999035596847534,630.1478881835938,508.8898010253906,0.9999966621398926,615.2483520507812,646.5565185546875,0.9999978542327881,618.2764282226562,694.3843383789062,0.999991774559021
76,559.2703247070312,330.7808837890625,0.9999490976333618,550.3558349609375,498.15277099609375,0.999992847442627,554.7110595703125,636.9801025390625,0.9998131394386292,530.3677978515625,700.2205200195312,0.9999899864196777,635.6292114257812,333.8734436035156,0.9998452663421631,630.6644287109375,508.156005859375,0.9999979734420776,614.9000854492188,642.574462890625,0.9999980926513672,618.1306762695312,691.421630859375,0.9999946355819702
77,560.6775512695312,333.4914855957031,0.9999657869338989,554.0689086914062,495.2751770019531,0.9999706745147705,549.750732421875,649.2896118164062,0.9999909400939941,530.93017578125,702.6773681640625,0.999981164932251,634.9422607421875,333.2651062011719,0.9998645782470703,631.3696899414062,507.7686462402344,0.9999979734420776,614.9519653320312,638.7271728515625,0.9999850988388062,617.8255615234375,686.8809204101562,0.9999648332595825
78,560.380126953125,335.7642822265625,0.9999568462371826,558.1304321289062,497.9738464355469,0.9999929666519165,546.7710571289062,659.1876831054688,0.9999958276748657,534.3869018554688,698.8351440429688,0.9999611377716064,634.420654296875,333.9883728027344,0.9998568296432495,631.5100708007812,508.5119934082031,0.9999977350234985,614.4298095703125,634.6986083984375,0.999993085861206,617.2674560546875,682.2579956054688,0.99994957447052
79,562.8318481445312,340.4143981933594,0.9999796152114868,563.0682373046875,501.1684875488281,0.9999967813491821,547.8573608398438,659.0672607421875,0.9999139308929443,538.0968627929688,689.8544921875,0.9999285936355591,634.6774291992188,337.2054748535156,0.999909520149231,633.28369140625,509.4866943359375,0.9999903440475464,614.5604248046875,631.4008178710938,0.9999985694885254,618.1051635742188,678.2254638671875,0.9999946355819702
80,563.6307373046875,345.5144958496094,0.999964714050293,564.1507568359375,505.4016418457031,0.9999935626983643,552.8406982421875,661.3563232421875,0.9951071739196777,548.15234375,686.0072021484375,0.9998884201049805,634.7727661132812,342.6515197753906,0.9999409914016724,634.660400390625,511.22967529296875,0.9999915361404419,617.1542358398438,629.173583984375,0.9999979734420776,620.0131225585938,675.8292846679688,0.9999948740005493
81,565.0439453125,347.5529479980469,0.9999797344207764,565.8043823242188,507.1344909667969,0.9999964237213135,557.4782104492188,665.0682373046875,0.977070689201355,552.0103759765625,688.5463256835938,0.9995138645172119,635.6682739257812,344.3302917480469,0.9999343156814575,635.3609619140625,512.6008911132812,0.9999943971633911,617.0733032226562,624.215087890625,0.9999895095825195,619.7218627929688,670.908935546875,0.9999831914901733
82,566.1644287109375,348.1754150390625,0.9999752044677734,568.7107543945312,511.2597961425781,0.9999791383743286,562.677734375,673.2184448242188,0.9995957016944885,554.8370971679688,701.4713134765625,0.9996886253356934,636.7747802734375,342.102294921875,0.9999178647994995,636.5885620117188,515.83203125,0.9999955892562866,618.87939453125,617.6806640625,0.9999895095825195,622.2415771484375,666.891845703125,0.9999845027923584
83,566.9183349609375,349.157958984375,0.9999371767044067,568.486083984375,513.088623046875,0.9999887943267822,563.147216796875,673.4227294921875,0.9999426603317261,556.8494262695312,709.384521484375,0.9999097585678101,638.8117065429688,341.3407897949219,0.999862790107727,639.5086669921875,517.9039916992188,0.9999945163726807,619.6544799804688,610.2900390625,0.9999953508377075,623.758056640625,662.895751953125,0.9999890327453613
84,564.5192260742188,348.4374694824219,0.9999452829360962,565.0120239257812,516.6651000976562,0.9999971389770508,563.5225830078125,675.0057373046875,0.999994158744812,558.3041381835938,720.5263061523438,0.008544443175196648,638.183349609375,342.40673828125,0.9998244643211365,643.4375610351562,521.2169799804688,0.9999957084655762,623.4176635742188,606.9493408203125,0.9999680519104004,624.5242919921875,661.990234375,0.9999938011169434
85,561.7027587890625,347.61431884765625,0.9999362230300903,560.86962890625,515.5706176757812,0.9999929666519165,564.8026123046875,669.769775390625,0.9999896287918091,555.088134765625,720.6788940429688,0.5167592167854309,638.4138793945312,339.31610107421875,0.9999315738677979,647.6954345703125,522.85498046875,0.999995231628418,629.15478515625,598.8299560546875,0.9999969005584717,627.0572509765625,659.2844848632812,0.9999936819076538
86,560.476318359375,351.9036865234375,0.9998824596405029,559.1666259765625,518.7498779296875,0.9999784231185913,566.1100463867188,668.45751953125,0.9999921321868896,554.7517700195312,722.9136352539062,0.0063561936840415,637.060546875,342.8056335449219,0.9999334812164307,650.9574584960938,526.574951171875,0.9999836683273315,633.7332153320312,598.0474243164062,0.9999698400497437,625.7741088867188,659.0205078125,0.9999841451644897
87,559.7694702148438,353.5686340332031,0.9998438358306885,558.3697509765625,519.7744140625,0.9999682903289795,566.8042602539062,665.236328125,0.9999897480010986,556.9901123046875,718.2166748046875,0.9665170311927795,635.9791259765625,339.171875,0.9999324083328247,651.6357421875,526.018310546875,0.9999810457229614,635.2803955078125,595.1986083984375,0.9999428987503052,630.0921020507812,656.957275390625,0.9999548196792603
88,560.2922973632812,349.407470703125,0.9998724460601807,561.1110229492188,518.2831420898438,0.9999926090240479,567.7777099609375,661.4046020507812,0.9999957084655762,558.3928833007812,714.2802734375,0.9989498257637024,638.7081298828125,331.4358215332031,0.9998576641082764,652.93408203125,523.5147094726562,0.9999134540557861,633.3726196289062,594.6707153320312,0.9999878406524658,633.8677978515625,662.1184692382812,0.9999513626098633
89,560.2705078125,347.6899719238281,0.9999358654022217,562.0753784179688,518.3151245117188,0.9999961853027344,568.8645629882812,655.8098754882812,0.9999805688858032,559.9254150390625,710.0746459960938,0.9999642372131348,642.1567993164062,328.4552917480469,0.999967098236084,653.3651123046875,520.0198364257812,0.9999747276306152,630.4607543945312,599.3226928710938,0.9999982118606567,639.03173828125,669.2887573242188,0.999950647354126
90,559.983642578125,343.828857421875,0.9998842477798462,562.8504638671875,515.300048828125,0.9999972581863403,567.6546020507812,650.5618286132812,0.9999933242797852,558.2473754882812,706.8073120117188,0.9999898672103882,641.8535766601562,326.2157287597656,0.9999914169311523,654.7240600585938,516.8949584960938,0.9999905824661255,626.8416748046875,607.7667236328125,0.9999924898147583,639.362060546875,680.7384643554688,0.9998600482940674
91,559.2134399414062,344.1716613769531,0.9999043941497803,564.2653198242188,514.2348022460938,0.999997615814209,570.3971557617188,643.8865356445312,0.9999953508377075,560.9043579101562,703.983642578125,0.9999918937683105,640.3143310546875,326.0794372558594,0.9999873638153076,654.13037109375,511.4534606933594,0.9999779462814331,627.9442138671875,622.0560302734375,0.9999884366989136,644.2020263671875,690.9634399414062,0.9999099969863892
92,557.6586303710938,342.2989807128906,0.9999319314956665,564.1644897460938,511.1812744140625,0.9999954700469971,568.8883666992188,638.5843505859375,0.999983549118042,559.1946411132812,696.3712768554688,0.9999877214431763,639.0534057617188,324.53900146484375,0.9999761581420898,652.2229614257812,506.2083740234375,0.9999545812606812,626.0076904296875,638.37890625,0.9999915361404419,645.708984375,698.00927734375,0.9999867677688599
93,557.3928833007812,342.11968994140625,0.999947190284729,564.7012939453125,512.640869140625,0.9999971389770508,570.5517578125,635.9688720703125,0.9999529123306274,561.2413940429688,694.6707153320312,0.9999979734420776,638.2960815429688,324.677978515625,0.9999760389328003,650.8016967773438,504.6445617675781,0.9999754428863525,628.230712890625,655.8299560546875,0.9999884366989136,652.0191040039062,707.6997680664062,0.9999663829803467
94,558.8677978515625,341.8335266113281,0.9999474287033081,565.1183471679688,512.356689453125,0.9999967813491821,571.474365234375,629.576171875,0.9999973773956299,562.1339111328125,690.01953125,0.9999997615814209,639.0599365234375,326.194580078125,0.9999586343765259,647.324951171875,504.781982421875,0.9999706745147705,632.49560546875,668.3269653320312,0.9999788999557495,655.3801879882812,711.5938720703125,0.9999730587005615
95,560.9158325195312,339.72967529296875,0.999976396560669,566.926513671875,513.3825073242188,0.9999978542327881,572.62841796875,624.4174194335938,0.9999946355819702,562.2315063476562,685.5433349609375,0.9999972581863403,639.8590087890625,327.4736022949219,0.999907374382019,646.2642211914062,508.7466735839844,0.9999914169311523,637.0404663085938,670.1636352539062,0.9999880790710449,657.4351196289062,702.5897827148438,0.9999990463256836
96,561.7398681640625,338.2347717285156,0.9999828338623047,567.8250122070312,513.95458984375,0.9999980926513672,573.9347534179688,621.2601928710938,0.9999762773513794,564.0469970703125,681.513671875,0.9999964237213135,639.8983764648438,327.7832946777344,0.999923825263977,646.5758666992188,513.421875,0.9999933242797852,640.63720703125,667.91796875,0.9999855756759644,659.1038818359375,689.0576171875,0.9999988079071045
97,563.05517578125,341.7279052734375,0.9999880790710449,568.6968994140625,515.0848999023438,0.9999974966049194,575.1929931640625,615.3811645507812,0.9999932050704956,562.8187255859375,675.4423217773438,0.9999997615814209,641.2517700195312,330.18621826171875,0.9999449253082275,646.4961547851562,515.5447387695312,0.999996542930603,640.5094604492188,668.0584716796875,0.9997158646583557,660.4583740234375,685.9966430664062,0.9999933242797852
98,562.736083984375,341.6400451660156,0.9999833106994629,569.364501953125,516.9005126953125,0.9999955892562866,574.5955200195312,612.2406616210938,0.9999969005584717,563.4091186523438,673.119140625,0.9999995231628418,641.5176391601562,333.4231872558594,0.9999393224716187,645.4683227539062,515.9452514648438,0.9999979734420776,641.0462036132812,677.3538208007812,0.9999982118606567,660.1705932617188,697.5353393554688,0.9999953508377075
99,562.531494140625,341.3722229003906,0.9999842643737793,570.9441528320312,520.2328491210938,0.9999918937683105,573.6494750976562,604.1845092773438,0.9999673366546631,562.68017578125,670.9201049804688,0.9999972581863403,641.3411254882812,336.8280029296875,0.9999427795410156,643.618896484375,515.927001953125,0.9999974966049194,637.0670166015625,683.473388671875,0.9999592304229736,650.5250854492188,713.3535766601562,0.9999352693557739
100,564.1149291992188,343.6087951660156,0.9999711513519287,570.775146484375,526.0701293945312,0.9999743700027466,574.4881591796875,599.8712158203125,0.9999798536300659,562.29443359375,669.7634887695312,0.9999885559082031,642.7280883789062,340.48065185546875,0.9999833106994629,644.2919311523438,518.4019775390625,0.9999960660934448,638.994873046875,685.13916015625,0.9999545812606812,565.9996337890625,669.5850830078125,0.008316691033542156
101,568.0169677734375,346.2176818847656,0.9998847246170044,569.0895385742188,531.7642822265625,0.9999918937683105,577.7986450195312,593.87646484375,0.9999942779541016,559.8796997070312,663.1671142578125,0.9999880790710449,644.4664306640625,342.4454650878906,0.9999830722808838,646.122314453125,518.8455200195312,0.9999933242797852,637.3634033203125,681.5677490234375,0.9999853372573853,564.900634765625,666.1231079101562,0.004705740604549646
102,570.1813354492188,346.2628173828125,0.9998857975006104,565.8361206054688,537.1908569335938,0.9999934434890747,586.961181640625,588.4823608398438,0.999924898147583,558.6407470703125,659.607666015625,0.9999979734420776,647.763671875,342.9788818359375,0.9999381303787231,649.2939453125,518.8318481445312,0.9999872446060181,637.4853515625,678.8309936523438,0.9999947547912598,563.5169677734375,663.4270629882812,0.003079015063121915
103,569.87841796875,343.8738098144531,0.9999744892120361,563.9510498046875,533.4158935546875,0.9999990463256836,590.2117919921875,587.5953979492188,0.9999794960021973,556.0406494140625,657.0075073242188,0.9999771118164062,648.6931762695312,340.2112121582031,0.9999293088912964,650.2118530273438,518.0120849609375,0.9999932050704956,637.361572265625,672.7493896484375,0.9999943971633911,642.90966796875,719.5513305664062,0.23483791947364807
104,569.6062622070312,341.53082275390625,0.9999794960021973,562.7755126953125,529.5736694335938,0.9999980926513672,589.4819946289062,592.6932983398438,0.9999939203262329,556.22119140625,664.9857177734375,0.9999589920043945,649.9764404296875,334.4015197753906,0.9996852874755859,649.50830078125,517.4959106445312,0.9999904632568359,636.584716796875,669.3140869140625,0.9999524354934692,643.0715942382812,719.1392822265625,0.029751751571893692
105,567.6205444335938,337.2666931152344,0.999982476234436,561.8977661132812,522.9794311523438,0.9999964237213135,587.1500854492188,602.5095825195312,0.9999732971191406,554.6929321289062,676.083740234375,0.9999916553497314,649.5760498046875,331.6039733886719,0.9998030066490173,649.2667846679688,516.7450561523438,0.999993085861206,635.0169067382812,662.019775390625,0.9999980926513672,640.1189575195312,712.99462890625,0.99994957447052
106,568.2354125976562,334.81402587890625,0.9999818801879883,563.763916015625,517.1571044921875,0.9999982118606567,584.1012573242188,615.7714233398438,0.9999923706054688,554.51708984375,691.6344604492188,0.9999908208847046,650.6676025390625,330.721923828125,0.9998121857643127,649.015869140625,514.732177734375,0.999994158744812,634.4063720703125,661.3258056640625,0.9999982118606567,640.95068359375,711.9922485351562,0.9999862909317017
107,572.5382690429688,333.72320556640625,0.9999428987503052,567.8265380859375,510.2589416503906,0.9999866485595703,581.1218872070312,634.0718994140625,0.9999953508377075,556.5000610351562,706.0429077148438,0.9999905824661255,653.6593627929688,330.246826171875,0.9999192953109741,651.4472045898438,515.152587890625,0.999996542930603,634.3480224609375,658.8362426757812,0.9999985694885254,641.6167602539062,708.6402587890625,0.9999973773956299
108,575.4755859375,332.9521789550781,0.9999692440032959,570.8839721679688,506.3747863769531,0.9999575614929199,578.1986083984375,649.006103515625,0.999992847442627,557.1782836914062,714.2885131835938,0.999745786190033,654.5863647460938,326.9421081542969,0.9999747276306152,650.9866943359375,513.57763671875,0.999995231628418,635.9805908203125,653.2877807617188,0.9999849796295166,641.7510375976562,703.6380004882812,0.9999924898147583
109,576.327880859375,335.86370849609375,0.9999648332595825,576.3472900390625,503.5157470703125,0.9999719858169556,574.4593505859375,662.6187744140625,0.9999922513961792,552.4320068359375,719.1641235351562,0.1398802548646927,655.24609375,325.2060241699219,0.9999786615371704,651.2528686523438,512.6807861328125,0.9999902248382568,635.2151489257812,649.1099853515625,0.9999977350234985,641.149658203125,700.1843872070312,0.9999915361404419
110,576.5565185546875,340.07928466796875,0.9999847412109375,582.056884765625,505.211669921875,0.9999943971633911,575.8073120117188,671.4319458007812,0.9999433755874634,567.1312255859375,712.7213745117188,0.9999022483825684,655.8514404296875,329.1565246582031,0.9998458623886108,652.02001953125,511.6261291503906,0.9999865293502808,635.306640625,643.5003051757812,0.9999995231628418,642.238037109375,693.6995239257812,0.9999988079071045
111,577.1002807617188,345.39422607421875,0.9999840259552002,584.2648315429688,507.754150390625,0.9999898672103882,577.5980224609375,674.9415893554688,0.999733030796051,571.1282958984375,707.3707275390625,0.9998594522476196,655.3930053710938,338.1108703613281,0.9999644756317139,653.089599609375,512.7999267578125,0.9999910593032837,635.4985961914062,641.4207763671875,0.9999988079071045,643.1456909179688,690.0049438476562,0.9999990463256836
112,578.3192138671875,348.9345397949219,0.9999843835830688,585.54296875,514.1409301757812,0.9999786615371704,581.6964111328125,674.1760864257812,0.9938613176345825,579.4589233398438,703.7789916992188,0.9998493194580078,653.8097534179688,342.4959411621094,0.9999606609344482,653.3698120117188,513.7776489257812,0.9999946355819702,635.912353515625,634.84814453125,0.99998939037323,641.8685302734375,686.7063598632812,0.9999939203262329
113,579.3698120117188,350.13092041015625,0.9999861717224121,587.7979125976562,517.2626342773438,0.9999895095825195,588.2202758789062,682.9093627929688,0.9436385631561279,584.0829467773438,707.4321899414062,0.9996638298034668,653.5418090820312,342.5119323730469,0.9999442100524902,654.5819702148438,516.5076904296875,0.9999961853027344,635.5613403320312,631.7304077148438,0.9999980926513672,642.2763671875,681.7722778320312,0.9999886751174927
114,577.957275390625,351.1485595703125,0.9999781847000122,588.20458984375,519.776123046875,0.9999768733978271,589.8685302734375,689.8339233398438,0.9997149109840393,638.6963500976562,681.7344360351562,0.010122113861143589,650.0814208984375,342.49224853515625,0.9998152852058411,655.2836303710938,518.2355346679688,0.9999938011169434,635.1884765625,627.3381958007812,0.9999980926513672,640.7979125976562,677.8074951171875,0.999995231628418
115,576.584716796875,352.96832275390625,0.9999575614929199,588.3218994140625,520.0397338867188,0.9999783039093018,591.6905517578125,688.872802734375,0.999884843826294,640.8775634765625,675.439453125,0.009217134676873684,648.8446044921875,342.3786315917969,0.9994660019874573,656.8976440429688,519.7052001953125,0.9999957084655762,638.8422241210938,619.2521362304688,0.9999755620956421,643.8941650390625,672.7185668945312,0.9999963045120239
116,573.7780151367188,352.0894470214844,0.9999496936798096,583.765625,521.22119140625,0.9999827146530151,589.5510864257812,687.30322265625,0.999964714050293,637.2925415039062,675.705810546875,0.05844629555940628,646.9201049804688,341.4018249511719,0.9998216032981873,658.7590942382812,523.2825317382812,0.9999971389770508,639.0406494140625,613.720703125,0.9999980926513672,640.8006591796875,672.5270385742188,0.9999834299087524
117,572.5554809570312,350.8500671386719,0.9998694658279419,582.0419921875,521.2426147460938,0.9999845027923584,591.8401489257812,679.703369140625,0.9999544620513916,634.6449584960938,673.0444946289062,0.01049745362251997,646.4319458007812,342.3199462890625,0.9999042749404907,662.9246215820312,527.398193359375,0.9999923706054688,643.2130737304688,607.187255859375,0.9999939203262329,640.7511596679688,670.0161743164062,0.9999784231185913
118,570.2081909179688,349.001220703125,0.999927282333374,580.9585571289062,520.6452026367188,0.9999864101409912,591.906005859375,673.3208618164062,0.9999912977218628,636.7750854492188,664.23583984375,0.012328683398663998,645.6544189453125,341.6064758300781,0.9999566078186035,664.3679809570312,528.0079345703125,0.9999808073043823,647.1254272460938,603.1236572265625,0.999980092048645,641.3121948242188,662.58935546875,0.999966025352478
119,569.9476928710938,346.9664611816406,0.9999523162841797,582.5613403320312,519.6184692382812,0.9999827146530151,593.3147583007812,668.0778198242188,0.9999887943267822,586.9025268554688,722.0637817382812,0.029692573472857475,647.0322265625,338.08038330078125,0.9999356269836426,667.805419921875,528.5048217773438,0.9999924898147583,649.3568725585938,599.6841430664062,0.9999810457229614,645.1652221679688,660.5327758789062,0.9999762773513794
120,569.5037231445312,346.6683349609375,0.9999551773071289,583.226806640625,520.904052734375,0.9999716281890869,592.772216796875,660.0776977539062,0.9999948740005493,589.9016723632812,717.3449096679688,0.9979389309883118,648.291015625,337.1640930175781,0.9997413754463196,669.6133422851562,525.7098388671875,0.9999622106552124,648.1787109375,597.270263671875,0.9999982118606567,649.9200439453125,665.27734375,0.9998012185096741
121,571.2428588867188,345.4486389160156,0.9999781847000122,584.7741088867188,518.7344970703125,0.9999799728393555,593.9871826171875,656.5675659179688,0.9999914169311523,591.4638061523438,713.6778564453125,0.9994506239891052,651.0890502929688,334.0550842285156,0.999762237071991,671.12646484375,520.3233032226562,0.9999699592590332,647.7693481445312,602.356201171875,0.9999942779541016,655.3275146484375,673.7974243164062,0.999968409538269
122,572.1389770507812,344.02447509765625,0.9999902248382568,585.7544555664062,516.6295776367188,0.9999887943267822,595.6515502929688,649.7118530273438,0.999990701675415,592.23779296875,709.2865600585938,0.9999921321868896,651.5552978515625,331.5571594238281,0.9998016953468323,670.7584228515625,516.1182861328125,0.9999878406524658,648.356201171875,611.978515625,0.9999982118606567,660.4802856445312,685.4498901367188,0.9999914169311523
123,574.2184448242188,347.2083740234375,0.9998747110366821,585.8070678710938,513.7359619140625,0.9999918937683105,595.0584716796875,637.7637329101562,0.9999929666519165,592.3938598632812,703.8837890625,0.9999939203262329,652.5760498046875,331.40301513671875,0.9998528957366943,669.9197387695312,512.71484375,0.999976396560669,648.2852783203125,624.9692993164062,0.9999902248382568,660.7481079101562,695.4013671875,0.9999916553497314
124,573.4553833007812,344.467041015625,0.9999655485153198,586.8076782226562,513.7374267578125,0.9999948740005493,597.321533203125,636.506591796875,0.9999951124191284,593.2914428710938,700.5802612304688,0.9999938011169434,652.4304809570312,328.1906433105469,0.9999353885650635,668.8136596679688,509.34222412109375,0.9999071359634399,649.3250122070312,642.305419921875,0.9999918937683105,665.5489501953125,707.0591430664062,0.9999731779098511
125,572.4840698242188,343.6357116699219,0.9999603033065796,586.8499145507812,514.3964233398438,0.999993085861206,597.5299682617188,629.6687622070312,0.9999974966049194,594.1600952148438,697.667724609375,0.9999871253967285,651.867919921875,325.77838134765625,0.9999662637710571,661.6066284179688,507.877197265625,0.999990701675415,648.9923095703125,660.109375,0.9999966621398926,669.1283569335938,714.2278442382812,0.9996200799942017
126,573.7902221679688,340.45111083984375,0.9999752044677734,587.7023315429688,514.5956420898438,0.9999951124191284,597.1115112304688,624.9885864257812,0.9999983310699463,593.7015380859375,688.1969604492188,0.9999990463256836,654.0648803710938,322.9035339355469,0.9999624490737915,658.6935424804688,508.4888916015625,0.9999918937683105,650.72265625,671.3247680664062,0.9999791383743286,669.5426025390625,713.2737426757812,0.999900221824646
127,573.6710205078125,341.3121643066406,0.9999895095825195,588.5147094726562,518.1446533203125,0.9999943971633911,598.5944213867188,621.61474609375,0.9999957084655762,594.5462036132812,684.4668579101562,0.9999958276748657,654.2166748046875,323.9268493652344,0.9999692440032959,656.3814697265625,514.9530639648438,0.9999951124191284,651.4635620117188,674.7374267578125,0.9999971389770508,668.235107421875,705.9136962890625,0.9999974966049194
128,574.29443359375,340.2621765136719,0.9999895095825195,589.4019165039062,520.5687255859375,0.999984622001648,598.4703979492188,615.0233154296875,0.9999967813491821,594.5112915039062,679.5997924804688,0.9999994039535522,654.8863525390625,325.9820556640625,0.9999743700027466,654.5447387695312,520.3698120117188,0.9999639987945557,649.6848754882812,670.2821044921875,0.9999405145645142,663.2371826171875,694.0323486328125,0.9999985694885254
129,573.5703735351562,344.06182861328125,0.9999780654907227,591.5844116210938,521.029052734375,0.9999910593032837,598.632568359375,609.6786499023438,0.9999970197677612,593.9898681640625,674.3154907226562,0.9999997615814209,653.7205200195312,330.5335998535156,0.9999006986618042,653.683349609375,521.2001342773438,0.9999517202377319,647.86767578125,672.1297607421875,0.9998433589935303,660.5032958984375,692.3465576171875,0.9999980926513672
130,574.3886108398438,348.8670654296875,0.9999406337738037,592.8343505859375,523.9923706054688,0.9999955892562866,599.3811645507812,606.8974609375,0.9999775886535645,594.2357177734375,674.370849609375,0.9999996423721313,655.7426147460938,335.1351318359375,0.999822199344635,653.384033203125,521.7667236328125,0.9999130964279175,644.3187255859375,683.8883666992188,0.9999918937683105,655.030517578125,711.321533203125,0.9999680519104004
131,575.8989868164062,351.5426025390625,0.999964714050293,595.041259765625,528.355712890625,0.9999966621398926,601.50048828125,601.421630859375,0.9999294281005859,594.1262817382812,669.5238037109375,0.9999842643737793,655.924072265625,336.9695129394531,0.9998890161514282,653.210205078125,520.5541381835938,0.9999604225158691,643.1796875,687.4454345703125,0.999984622001648,598.6649169921875,673.3909301757812,0.006745666731148958
132,576.8104858398438,359.67889404296875,0.9999814033508301,593.7473754882812,534.3072509765625,0.9999960660934448,606.3657836914062,592.3974609375,0.9999332427978516,593.0468139648438,664.5653686523438,0.9999772310256958,653.6685180664062,345.36224365234375,0.9999474287033081,652.2130126953125,520.5735473632812,0.999974250793457,642.3731689453125,683.8125610351562,0.9999891519546509,599.5202026367188,666.725830078125,0.004454226233065128
133,578.3743286132812,361.61669921875,0.999987006187439,588.6412353515625,539.9346923828125,0.9999788999557495,616.7268676757812,586.858154296875,0.9999791383743286,590.0044555664062,657.1010131835938,0.9999886751174927,655.5084228515625,345.627685546875,0.9998823404312134,652.1728515625,517.996337890625,0.9999932050704956,642.3291625976562,678.7922973632812,0.9999980926513672,597.365966796875,662.0005493164062,0.001382313552312553
134,580.090087890625,362.9639587402344,0.999988317489624,583.4244995117188,537.4196166992188,0.9999889135360718,617.7839965820312,583.1265258789062,0.9999964237213135,584.601318359375,653.8446655273438,0.999984860420227,657.227294921875,345.2076416015625,0.9999572038650513,652.1949462890625,515.0048828125,0.9999957084655762,640.6192626953125,670.8839111328125,0.9999828338623047,644.8271484375,720.2702026367188,0.012274425476789474
135,579.9929809570312,355.0888977050781,0.9999884366989136,579.0203247070312,533.7486572265625,0.9999988079071045,616.6018676757812,587.6188354492188,0.9999948740005493,584.043701171875,660.2333984375,0.9999983310699463,658.2919921875,340.209228515625,0.9999939203262329,650.9639282226562,514.7505493164062,0.9999966621398926,640.1395874023438,668.802734375,0.9999786615371704,644.2939453125,718.3699340820312,0.007397438399493694
136,580.017333984375,346.30584716796875,0.9999786615371704,577.7326049804688,524.81298828125,0.9999963045120239,612.5596923828125,595.0422973632812,0.9999983310699463,582.1207885742188,669.033935546875,0.9999954700469971,659.6870727539062,335.409912109375,0.9999786615371704,652.53662109375,512.3465576171875,0.9999939203262329,640.4879760742188,662.5692138671875,0.9999939203262329,645.028076171875,712.1630249023438,0.9999840259552002
137,576.2597045898438,341.6777038574219,0.9999711513519287,575.1436157226562,517.341796875,0.9999924898147583,606.2796630859375,603.6123046875,0.999977707862854,579.1019897460938,682.3576049804688,0.9999980926513672,655.1083374023438,335.1556396484375,0.9999334812164307,652.1614379882812,512.6696166992188,0.9999920129776001,641.1317138671875,656.4134521484375,0.9999911785125732,645.8087158203125,709.7120971679688,0.9999973773956299
138,576.986572265625,334.4137878417969,0.9999767541885376,575.0921630859375,505.1261901855469,0.9999653100967407,597.8753051757812,617.5911865234375,0.9999935626983643,571.4751586914062,692.0263061523438,0.9999978542327881,654.253662109375,329.34613037109375,0.9999531507492065,652.5784912109375,510.3695373535156,0.9999725818634033,639.0313720703125,651.6304931640625,0.9999638795852661,643.2517700195312,703.384765625,0.9999967813491821
139,577.2296142578125,331.52032470703125,0.999976634979248,576.9002075195312,499.36126708984375,0.9999924898147583,591.0722045898438,632.1220703125,0.9999641180038452,567.0572509765625,701.8298950195312,0.9999945163726807,654.658935546875,325.60687255859375,0.9999758005142212,652.5703735351562,508.81500244140625,0.9999561309814453,639.7301635742188,647.7689208984375,0.9999959468841553,646.060791015625,697.6187133789062,0.9999953508377075
140,576.14306640625,332.4604797363281,0.9999791383743286,577.3643798828125,493.37445068359375,0.9999918937683105,580.7387084960938,644.4777221679688,0.9999991655349731,559.183349609375,702.5549926757812,0.9999877214431763,651.8260498046875,323.7781982421875,0.9999830722808838,651.8360595703125,504.5737609863281,0.9999910593032837,637.6535034179688,639.0050659179688,0.9999951124191284,643.40771484375,690.2528076171875,0.9999992847442627
141,577.4276123046875,333.78582763671875,0.999988317489624,580.0164794921875,492.9861755371094,0.9999957084655762,575.795166015625,657.5252685546875,0.9999946355819702,560.6953735351562,705.8116455078125,0.9999868869781494,652.3489990234375,325.693603515625,0.9999769926071167,653.7716064453125,504.6329345703125,0.9999911785125732,640.556884765625,637.611572265625,0.9999943971633911,645.8113403320312,687.6767578125,0.9999971389770508
142,576.3060913085938,336.4627990722656,0.9999725818634033,580.875732421875,496.6140441894531,0.9999963045120239,569.9891357421875,660.2001342773438,0.9998972415924072,558.48486328125,694.34375,0.9999176263809204,650.9610595703125,328.8389892578125,0.9998509883880615,653.541259765625,504.066162109375,0.999993085861206,640.2020874023438,632.8118286132812,0.9999963045120239,645.2377319335938,681.176513671875,0.9999953508377075
143,576.2053833007812,341.157958984375,0.9999785423278809,581.4935913085938,500.2270202636719,0.9999942779541016,568.021240234375,657.2747802734375,0.9951057434082031,560.036865234375,685.055419921875,0.9999550580978394,648.56103515625,335.8631591796875,0.9999303817749023,654.1710205078125,505.24639892578125,0.9999904632568359,640.6732788085938,627.0890502929688,0.9999990463256836,645.9937744140625,675.8563842773438,0.9999991655349731
144,574.2422485351562,347.03851318359375,0.9998905658721924,580.4696655273438,504.0315856933594,0.9999494552612305,568.14892578125,659.5594482421875,0.9981991648674011,560.5513305664062,685.2164916992188,0.9999258518218994,646.6666259765625,338.6912841796875,0.9999791383743286,652.4088134765625,507.4233703613281,0.9999734163284302,639.5816650390625,623.2724609375,0.9999942779541016,644.46337890625,672.4190673828125,0.9999973773956299
145,571.091796875,346.28369140625,0.9995880722999573,579.3229370117188,506.0311584472656,0.9999816417694092,570.7417602539062,667.5748291015625,0.9976759552955627,559.98388671875,697.5137329101562,0.9998219609260559,642.4991455078125,337.97412109375,0.999990701675415,652.56787109375,506.538818359375,0.9999785423278809,639.985595703125,618.165283203125,0.9999901056289673,644.7181396484375,668.3360595703125,0.9999929666519165
146,566.8389892578125,344.9412536621094,0.9996439218521118,576.841552734375,507.2452087402344,0.9999169111251831,569.0274047851562,670.258544921875,0.999675989151001,556.712646484375,704.90478515625,0.9999099969863892,637.985595703125,336.0746765136719,0.9990662932395935,651.6610107421875,506.401611328125,0.9999697208404541,640.33203125,611.6428833007812,0.9999973773956299,644.6267700195312,662.3385009765625,0.9999973773956299
147,564.7816162109375,344.36541748046875,0.9997605681419373,568.833984375,507.2703552246094,0.9999761581420898,568.276123046875,663.8506469726562,0.9998227953910828,555.259033203125,709.8150024414062,0.999921441078186,636.149169921875,334.6104736328125,0.9991005659103394,651.3445434570312,507.11163330078125,0.9999691247940063,639.9909057617188,603.2291870117188,0.9999890327453613,645.7936401367188,656.79638671875,0.9999947547912598
148,560.3327026367188,344.9381103515625,0.9994415640830994,562.514892578125,507.22161865234375,0.9999910593032837,569.9567260742188,666.2653198242188,0.9999574422836304,555.14892578125,716.1958618164062,0.9973541498184204,632.2720947265625,333.3399963378906,0.9995915293693542,653.5917358398438,511.96929931640625,0.9999868869781494,642.3731689453125,598.9691772460938,0.9999986886978149,646.3048706054688,656.7893676757812,0.9999843835830688
149,556.4909057617188,344.35821533203125,0.9996472597122192,556.3381958007812,509.0322265625,0.9999232292175293,569.076171875,662.5167846679688,0.9999921321868896,552.7052612304688,713.5177612304688,0.999816358089447,629.0142822265625,336.4957580566406,0.9997977614402771,653.3016357421875,515.2427368164062,0.9999945163726807,641.5658569335938,594.330078125,0.9999977350234985,643.1031494140625,655.7425537109375,0.999969482421875
150,554.2600708007812,344.87567138671875,0.9998486042022705,555.4095458984375,510.257568359375,0.9999281167984009,571.4832153320312,658.6615600585938,0.9999963045120239,556.430419921875,711.8909301757812,0.9999547004699707,628.735107421875,335.84576416015625,0.999839186668396,652.2695922851562,515.9771118164062,0.9999935626983643,641.000244140625,591.8789672851562,0.9999922513961792,643.2058715820312,652.9417114257812,0.9999767541885376
151,551.5668334960938,343.5850830078125,0.9999656677246094,554.6947631835938,510.1092224121094,0.999948263168335,570.0918579101562,653.4349975585938,0.9999699592590332,556.021484375,708.584228515625,0.99998939037323,627.2916259765625,331.513427734375,0.9998955726623535,650.3819580078125,516.3540649414062,0.9999901056289673,634.5366821289062,589.5521240234375,0.9999737739562988,639.2803344726562,655.9478759765625,0.9999409914016724
152,549.4398803710938,341.96734619140625,0.9999644756317139,553.4505615234375,511.0040588378906,0.9999493360519409,569.4815673828125,649.4475708007812,0.9999738931655884,555.0321044921875,705.1491088867188,0.9999872446060181,628.0487060546875,328.0080871582031,0.9999792575836182,648.3265991210938,515.5272216796875,0.9999891519546509,628.6076049804688,593.8605346679688,0.9999979734420776,635.3668212890625,662.8474731445312,0.9999781847000122
153,545.5908813476562,342.2245788574219,0.9999681711196899,552.1414794921875,508.7228088378906,0.9999934434890747,569.185546875,645.9246826171875,0.9999920129776001,556.0325317382812,701.6085205078125,0.9999687671661377,625.8280029296875,328.7118225097656,0.9999761581420898,645.3435668945312,514.1392211914062,0.9999960660934448,622.4461669921875,603.4403076171875,0.9999921321868896,633.4119262695312,675.2963256835938,0.9999756813049316
154,543.6317749023438,341.9613342285156,0.9999105930328369,551.0674438476562,506.8426208496094,0.9999970197677612,568.8237915039062,638.6708984375,0.9999772310256958,555.7373046875,694.8717041015625,0.9999971389770508,623.6683349609375,328.46539306640625,0.9999600648880005,640.7296752929688,508.37017822265625,0.9999772310256958,617.9442138671875,615.6333618164062,0.9999951124191284,630.1011352539062,684.3749389648438,0.9999898672103882
155,540.699462890625,340.6629333496094,0.9999381303787231,549.2185668945312,505.9296875,0.9999978542327881,566.6969604492188,630.8439331054688,0.9999964237213135,552.3502807617188,689.1456909179688,0.9999985694885254,620.34814453125,327.56207275390625,0.9999682903289795,632.8357543945312,504.0528869628906,0.9999480247497559,610.4713745117188,630.462890625,0.9999978542327881,624.177001953125,692.0614013671875,0.9999845027923584
156,537.9133911132812,342.7846984863281,0.9997743964195251,548.515380859375,506.8253479003906,0.9999988079071045,567.2938842773438,630.79345703125,0.9999969005584717,553.5172729492188,690.9146118164062,0.9999984502792358,618.0269775390625,327.54931640625,0.9999614953994751,625.3316650390625,504.1187438964844,0.9999929666519165,605.189453125,648.1725463867188,0.999988317489624,624.1519165039062,706.4680786132812,0.9999902248382568
157,536.2947387695312,342.93072509765625,0.9993564486503601,547.843994140625,507.5101013183594,0.999998927116394,567.271728515625,628.3115844726562,0.9999988079071045,556.0889892578125,682.9420776367188,0.9999812841415405,615.4027709960938,328.0015869140625,0.9999626874923706,618.3289184570312,504.92462158203125,0.9999747276306152,604.2967529296875,661.4163208007812,0.9999853372573853,622.8587646484375,708.155029296875,0.9999792575836182
158,533.585205078125,343.91607666015625,0.9998304843902588,545.0689086914062,507.8522033691406,0.9999980926513672,566.0517578125,621.3601684570312,0.9999971389770508,554.76025390625,677.6503295898438,0.999998927116394,612.6768188476562,331.3720703125,0.999968409538269,612.5762939453125,507.4928894042969,0.9999939203262329,599.7627563476562,664.3502807617188,0.999969482421875,616.6709594726562,704.4125366210938,0.9999922513961792
159,531.5930786132812,346.1602478027344,0.9999536275863647,544.1780395507812,508.533203125,0.9999982118606567,565.8494873046875,617.4287109375,0.9999970197677612,554.9046020507812,671.4935302734375,0.9999967813491821,611.200927734375,331.6131591796875,0.9999799728393555,609.2001342773438,511.9255065917969,0.9999909400939941,598.5582885742188,661.9470825195312,0.9999599456787109,610.4874267578125,688.6439208984375,0.9999979734420776
160,532.1161499023438,349.0016174316406,0.9999822378158569,544.6868286132812,511.06243896484375,0.9999934434890747,565.8477783203125,613.94189453125,0.9999978542327881,552.956787109375,670.8610229492188,0.9999974966049194,610.910888671875,334.3604736328125,0.9999778270721436,605.3904418945312,517.4136352539062,0.9999909400939941,595.074462890625,659.5722045898438,0.9732583165168762,602.2185668945312,679.5094604492188,0.9999756813049316
161,531.0862426757812,349.42218017578125,0.99997878074646,546.0272827148438,512.0480346679688,0.9999979734420776,566.312255859375,610.3646850585938,0.9999980926513672,554.8505859375,667.1009521484375,0.9999845027923584,608.6214599609375,335.1695556640625,0.9999402761459351,603.2745971679688,516.0175170898438,0.9999901056289673,591.2318115234375,662.6753540039062,0.7615129947662354,598.345458984375,683.6505126953125,0.999991774559021
162,531.55126953125,349.962158203125,0.9999772310256958,546.48388671875,513.2763671875,0.9999985694885254,564.8516845703125,603.0751953125,0.9999969005584717,553.1060791015625,662.2670288085938,0.999998927116394,607.3545532226562,338.2330627441406,0.9999595880508423,598.748046875,515.2730712890625,0.9999940395355225,584.1116333007812,672.5985717773438,0.9927185773849487,592.08251953125,695.736083984375,0.9999748468399048
163,531.5242919921875,350.61553955078125,0.999980092048645,547.216064453125,515.7438354492188,0.9999991655349731,564.0232543945312,596.8153686523438,0.9999994039535522,552.3916015625,659.1864013671875,0.9999992847442627,607.6528930664062,340.3575744628906,0.9999748468399048,597.5180053710938,515.8471069335938,0.9999954700469971,582.4661254882812,673.4304809570312,0.9999780654907227,583.1605224609375,708.7433471679688,0.9999983310699463
164,531.05810546875,350.74285888671875,0.9999755620956421,546.5897216796875,519.892333984375,0.9999969005584717,566.2297973632812,590.1688232421875,0.9999955892562866,551.568115234375,656.372314453125,0.9999940395355225,606.6525268554688,344.9553527832031,0.9999430179595947,597.244873046875,515.9557495117188,0.9999957084655762,582.5718994140625,671.4190673828125,0.9999711513519287,581.5076293945312,713.3416137695312,0.9999886751174927
165,530.4354248046875,350.24530029296875,0.9999830722808838,542.1895141601562,526.92333984375,0.9999845027923584,570.1593017578125,584.3848876953125,0.9999934434890747,548.8814086914062,650.9744262695312,0.9999927282333374,606.5136108398438,343.3870544433594,0.9999732971191406,597.9215698242188,515.3013305664062,0.9999958276748657,582.9584350585938,669.803955078125,0.9999856948852539,580.0072021484375,715.8087158203125,0.9996914863586426
166,530.1572265625,350.8343811035156,0.9999895095825195,535.5025634765625,526.4769287109375,0.9999929666519165,568.736083984375,578.647705078125,0.9999966621398926,542.2584838867188,647.279541015625,0.9999896287918091,605.0318603515625,342.6380920410156,0.9999886751174927,596.7841796875,513.3753662109375,0.9999978542327881,581.7730712890625,662.9812622070312,0.9999977350234985,580.5484619140625,712.9506225585938,0.9999898672103882
167,529.220458984375,347.3607177734375,0.9999768733978271,531.5213623046875,522.8817138671875,0.9999984502792358,567.5238037109375,581.2483520507812,0.999998927116394,537.6300048828125,648.6279296875,0.9999862909317017,605.3168334960938,339.5251770019531,0.999985933303833,596.9861450195312,511.6830139160156,0.9999961853027344,582.20263671875,660.4943237304688,0.9999973773956299,581.2406616210938,708.196533203125,0.9999983310699463
168,527.4302368164062,343.200927734375,0.9999256134033203,525.650390625,518.6979370117188,0.9999958276748657,562.6038818359375,588.4401245117188,0.9999979734420776,531.7597045898438,658.5349731445312,0.9999998807907104,603.8489379882812,334.03790283203125,0.9998899698257446,596.0570068359375,508.4999694824219,0.9999967813491821,581.2686157226562,658.440185546875,0.9999923706054688,579.7574462890625,705.4854125976562,0.9999970197677612
169,526.50634765625,339.6065979003906,0.9999574422836304,523.7472534179688,511.670166015625,0.9999922513961792,556.19677734375,596.3820190429688,0.9999938011169434,525.3236083984375,666.9818725585938,0.9999805688858032,602.741455078125,332.8782653808594,0.9998924732208252,596.220703125,507.4745178222656,0.999997615814209,581.7149658203125,649.3391723632812,0.9999867677688599,579.7623901367188,697.7791137695312,0.9999954700469971
170,524.8917236328125,334.5419921875,0.9999135732650757,523.509521484375,505.9512939453125,0.9999797344207764,545.23779296875,609.68994140625,0.999996542930603,517.172607421875,682.1177978515625,0.9999963045120239,600.4348754882812,329.2465515136719,0.9999608993530273,596.7012329101562,506.8974304199219,0.9999977350234985,581.8224487304688,646.7445678710938,0.9999977350234985,580.004638671875,696.6870727539062,0.9999973773956299
171,524.5556030273438,331.7225036621094,0.9999353885650635,525.1945190429688,500.3271484375,0.9999933242797852,535.6029663085938,624.4353637695312,0.9999964237213135,511.3770446777344,690.5202026367188,0.9999964237213135,600.0213623046875,327.0066833496094,0.9999774694442749,598.6287231445312,505.9209899902344,0.9999959468841553,582.6357421875,641.4288940429688,0.9999960660934448,581.652587890625,690.4373779296875,0.9999994039535522
172,525.1880493164062,331.89300537109375,0.9999328851699829,528.3782958984375,493.7721252441406,0.9999914169311523,527.271484375,637.57568359375,0.9999805688858032,510.8023376464844,699.4815063476562,0.9999762773513794,600.313720703125,324.4590148925781,0.9999805688858032,600.2378540039062,502.9847412109375,0.9999967813491821,585.037841796875,638.6785888671875,0.9999830722808838,582.9939575195312,687.9728393554688,0.9999977350234985
173,525.7028198242188,334.4883117675781,0.9998811483383179,530.44970703125,492.4674377441406,0.9999938011169434,521.3916015625,648.3839721679688,0.9999765157699585,510.205810546875,699.409423828125,0.9999581575393677,598.8721313476562,326.6418151855469,0.9999709129333496,601.4783325195312,502.04241943359375,0.9999957084655762,585.2742309570312,633.6167602539062,0.9999953508377075,583.432373046875,684.7638549804688,0.9999939203262329
174,527.7066650390625,335.9437255859375,0.9998056292533875,532.7755737304688,495.84527587890625,0.9999958276748657,517.0752563476562,654.41552734375,0.9999046325683594,510.13592529296875,692.5835571289062,0.9999911785125732,597.5149536132812,328.2001647949219,0.9998181462287903,602.5851440429688,503.1073303222656,0.9999948740005493,585.265869140625,630.294189453125,0.9999985694885254,584.2130737304688,678.96923828125,0.9999979734420776
175,527.624267578125,339.3199462890625,0.9998725652694702,533.7039794921875,498.33648681640625,0.9999970197677612,518.3857421875,653.41943359375,0.998684823513031,511.36505126953125,681.9822998046875,0.9999072551727295,594.9390258789062,336.01568603515625,0.9998806715011597,603.4338989257812,504.8628234863281,0.9999901056289673,585.6514892578125,625.7281494140625,0.9999979734420776,586.1836547851562,672.4451904296875,0.9999922513961792
176,527.4949951171875,343.59844970703125,0.9997861981391907,532.8772583007812,502.145751953125,0.9999464750289917,518.9418334960938,650.8794555664062,0.9982573390007019,510.0964050292969,676.9908447265625,0.9999544620513916,594.33740234375,339.6960754394531,0.9999701976776123,602.8963012695312,506.1936340332031,0.9999809265136719,584.048095703125,619.8440551757812,0.999983549118042,585.9524536132812,669.40869140625,0.9999804496765137
177,527.030517578125,350.3760681152344,0.9992755055427551,529.3504028320312,509.503662109375,0.9998935461044312,523.8782348632812,661.2820434570312,0.9992324113845825,512.4278564453125,698.9642333984375,0.9996298551559448,594.4537353515625,343.0498046875,0.9994615912437439,601.5278930664062,510.2472229003906,0.9999630451202393,586.1351318359375,618.9340209960938,0.9999825954437256,588.3806762695312,671.8453979492188,0.9999692440032959
178,524.2137451171875,349.23291015625,0.9959575533866882,528.6022338867188,510.0593566894531,0.9999901056289673,520.6603393554688,667.9187622070312,0.9998929500579834,510.1493225097656,701.3013916015625,0.9997684359550476,588.612548828125,342.39031982421875,0.9989799857139587,602.320068359375,510.04254150390625,0.9999738931655884,586.939697265625,611.5184936523438,0.9999966621398926,586.758544921875,663.6229858398438,0.9999946355819702
179,524.26220703125,349.9526672363281,0.996268093585968,526.0116577148438,510.9559631347656,0.9999873638153076,522.3385620117188,667.3010864257812,0.9999130964279175,513.0936889648438,707.2880249023438,0.9999649524688721,590.1192016601562,343.4286193847656,0.9987585544586182,605.3499755859375,510.9014892578125,0.9999877214431763,591.081298828125,606.8680419921875,0.9999632835388184,587.451171875,658.5601196289062,0.9999911785125732
