scorer,DLC_resnet50_Week2_Model0Jan17shuffle1_169000,DLC_resnet50_Week2_Model0Jan17shuffle1_169000,DLC_resnet50_Week2_Model0Jan17shuffle1_169000,DLC_resnet50_Week2_Model0Jan17shuffle1_169000,DLC_resnet50_Week2_Model0Jan17shuffle1_169000,DLC_resnet50_Week2_Model0Jan17shuffle1_169000,DLC_resnet50_Week2_Model0Jan17shuffle1_169000,DLC_resnet50_Week2_Model0Jan17shuffle1_169000,DLC_resnet50_Week2_Model0Jan17shuffle1_169000,DLC_resnet50_Week2_Model0Jan17shuffle1_169000,DLC_resnet50_Week2_Model0Jan17shuffle1_169000,DLC_resnet50_Week2_Model0Jan17shuffle1_169000,DLC_resnet50_Week2_Model0Jan17shuffle1_169000,DLC_resnet50_Week2_Model0Jan17shuffle1_169000,DLC_resnet50_Week2_Model0Jan17shuffle1_169000,DLC_resnet50_Week2_Model0Jan17shuffle1_169000,DLC_resnet50_Week2_Model0Jan17shuffle1_169000,DLC_resnet50_Week2_Model0Jan17shuffle1_169000,DLC_resnet50_Week2_Model0Jan17shuffle1_169000,DLC_resnet50_Week2_Model0Jan17shuffle1_169000,DLC_resnet50_Week2_Model0Jan17shuffle1_169000,DLC_resnet50_Week2_Model0Jan17shuffle1_169000,DLC_resnet50_Week2_Model0Jan17shuffle1_169000,DLC_resnet50_Week2_Model0Jan17shuffle1_169000
bodyparts,Right_Hip,Right_Hip,Right_Hip,Right_Knee,Right_Knee,Right_Knee,Right_Ankle,Right_Ankle,Right_Ankle,Right_Toe,Right_Toe,Right_Toe,Left_Hip,Left_Hip,Left_Hip,Left_Knee,Left_Knee,Left_Knee,Left_Ankle,Left_Ankle,Left_Ankle,Left_Toe,Left_Toe,Left_Toe
coords,x,y,likelihood,x,y,likelihood,x,y,likelihood,x,y,likelihood,x,y,likelihood,x,y,likelihood,x,y,likelihood,x,y,likelihood
0,123.27684020996094,214.74935913085938,0.979627251625061,188.96864318847656,360.92901611328125,0.996661901473999,148.5115509033203,464.2806396484375,0.1124172955751419,210.64295959472656,497.51654052734375,0.991657018661499,121.21744537353516,214.3227081298828,0.07320372760295868,142.07815551757812,361.5753479003906,0.9982227683067322,133.73582458496094,459.6603698730469,0.998263418674469,211.15147399902344,496.2047424316406,0.04076575115323067
1,120.80184173583984,213.77664184570312,0.9813532829284668,187.20913696289062,361.64129638671875,0.9964141845703125,173.48011779785156,470.9919738769531,0.9877136945724487,233.1962890625,489.5899658203125,0.9890806674957275,118.84135437011719,213.89511108398438,0.04988360032439232,136.29539489746094,362.43914794921875,0.9979758858680725,125.53166961669922,460.3439636230469,0.9984233379364014,110.87890625,455.269775390625,0.08082921802997589
2,118.5971450805664,212.7428741455078,0.991805911064148,185.1227569580078,361.22650146484375,0.9976158142089844,193.51461791992188,473.9439392089844,0.9976962208747864,255.8136444091797,476.2218017578125,0.990409255027771,116.62274932861328,213.97706604003906,0.06226812303066254,130.49252319335938,362.0914611816406,0.9987707734107971,117.39653778076172,460.4268798828125,0.9970291256904602,164.57272338867188,480.43414306640625,0.37602120637893677
3,117.25297546386719,213.83621215820312,0.9950821399688721,182.03189086914062,363.20184326171875,0.9994255304336548,211.52767944335938,471.622802734375,0.9987927675247192,272.3335266113281,459.422607421875,0.9903399348258972,115.79592895507812,214.5697479248047,0.07128813862800598,127.4369125366211,361.9142150878906,0.9955244064331055,111.53208923339844,460.8202209472656,0.9981387853622437,160.92620849609375,478.6654052734375,0.9740490913391113
4,116.00658416748047,213.8401641845703,0.992827832698822,184.66525268554688,362.6861267089844,0.9983677268028259,222.45367431640625,467.2934265136719,0.9987139701843262,280.09619140625,451.8183898925781,0.9967316389083862,114.5296630859375,214.52964782714844,0.1382051408290863,124.68158721923828,361.2769775390625,0.9965309500694275,105.09771728515625,460.9322509765625,0.9976704716682434,154.50643920898438,478.9986877441406,0.9097077250480652
5,115.91484832763672,213.92877197265625,0.9903426170349121,185.6276092529297,362.62030029296875,0.9976477026939392,228.9089813232422,463.8306579589844,0.9979801774024963,285.2579650878906,446.00537109375,0.9792000651359558,114.27010345458984,214.52536010742188,0.10795357823371887,118.68158721923828,360.8937072753906,0.9983891248703003,98.17510986328125,459.4143981933594,0.9983571171760559,147.98226928710938,478.9302978515625,0.928490161895752
6,114.46192169189453,214.52467346191406,0.9908889532089233,186.13836669921875,362.2593688964844,0.9981435537338257,229.73712158203125,463.6696472167969,0.9964168071746826,285.7698669433594,446.5244140625,0.9788757562637329,113.77423095703125,213.85423278808594,0.07508503645658493,114.66764831542969,360.6091003417969,0.9989362359046936,93.4259033203125,458.93414306640625,0.9981867671012878,141.9550323486328,479.4648132324219,0.9614615440368652
7,114.3775634765625,215.50929260253906,0.9873802661895752,189.2565460205078,362.38311767578125,0.9969006776809692,228.01475524902344,464.069091796875,0.9967792630195618,284.96954345703125,448.2228698730469,0.9933068156242371,113.57527160644531,215.08180236816406,0.07575294375419617,111.81422424316406,361.2345275878906,0.9980667233467102,86.3422622680664,456.3695983886719,0.9944576025009155,134.57122802734375,477.4793701171875,0.9564263820648193
8,116.00508117675781,216.63348388671875,0.9916388392448425,187.91172790527344,363.6969909667969,0.9982288479804993,225.30015563964844,465.65692138671875,0.9986897110939026,281.6365051269531,452.04815673828125,0.992824912071228,114.7840576171875,216.64950561523438,0.06327725201845169,107.76780700683594,361.9206237792969,0.9978673458099365,81.42491149902344,456.35577392578125,0.9960722923278809,128.37625122070312,478.30560302734375,0.9588332772254944
9,118.09327697753906,219.5594482421875,0.9949866533279419,186.19752502441406,366.01068115234375,0.9983738660812378,221.01307678222656,468.0742492675781,0.9975287318229675,279.29083251953125,455.02239990234375,0.9812458753585815,116.40727233886719,218.92295837402344,0.039079125970602036,105.88333892822266,360.5823059082031,0.995790421962738,75.30862426757812,455.9580078125,0.9971526861190796,122.77400970458984,477.974853515625,0.9845630526542664
10,121.62561798095703,221.25257873535156,0.9939642548561096,182.7186737060547,369.1002197265625,0.9985451698303223,215.14273071289062,472.765380859375,0.996454119682312,274.30377197265625,459.2185974121094,0.9901009798049927,119.89138793945312,219.8823699951172,0.029013050720095634,104.90892028808594,359.6781311035156,0.9934232234954834,70.10514831542969,453.8019104003906,0.9967613816261292,115.76557922363281,477.29638671875,0.9829504489898682
11,126.75552368164062,221.87155151367188,0.9796082973480225,180.45994567871094,374.1897277832031,0.9995655417442322,208.22311401367188,475.45953369140625,0.9984952211380005,266.5181884765625,465.4812316894531,0.9972353577613831,125.27106475830078,221.0679473876953,0.04378648102283478,103.81214141845703,360.7919006347656,0.9941105246543884,64.89442443847656,452.5064392089844,0.9956904053688049,108.8698501586914,477.51263427734375,0.9832973480224609
12,131.12884521484375,222.87606811523438,0.9907410144805908,181.85279846191406,374.2783203125,0.9996009469032288,205.1892547607422,474.3404846191406,0.9941207766532898,262.45013427734375,471.8959045410156,0.990051805973053,128.91827392578125,221.95726013183594,0.020039130002260208,104.77819061279297,360.3266906738281,0.9925610423088074,60.45309829711914,449.3901672363281,0.9959092140197754,102.6824951171875,476.7407531738281,0.9795770645141602
13,134.4563446044922,223.03807067871094,0.9881375432014465,181.17703247070312,373.86724853515625,0.9996354579925537,199.61940002441406,475.16766357421875,0.9974883794784546,259.1551513671875,473.2061462402344,0.9924373030662537,131.87435913085938,223.6532745361328,0.03312201052904129,112.16852569580078,355.64501953125,0.9966337084770203,58.8455810546875,445.6470947265625,0.9954012632369995,95.16840362548828,476.4500427246094,0.9802083373069763
14,138.2698974609375,221.6875,0.984703004360199,178.30186462402344,373.6023864746094,0.999500036239624,193.41171264648438,475.7264099121094,0.9989787340164185,252.9829559326172,473.7561340332031,0.9893271923065186,136.64077758789062,222.9683837890625,0.054814256727695465,122.6197738647461,355.5132141113281,0.9974886178970337,58.08320617675781,441.2855224609375,0.9895269870758057,88.22766876220703,476.52972412109375,0.9757192730903625
15,143.30711364746094,219.9870147705078,0.9715576171875,176.04132080078125,375.0772399902344,0.9989206790924072,187.86566162109375,475.8902282714844,0.996745228767395,246.65728759765625,478.8891296386719,0.9941680431365967,142.43099975585938,219.6920166015625,0.019609181210398674,135.67063903808594,356.3030090332031,0.997296154499054,61.54478454589844,431.79913330078125,0.9974735379219055,83.02204895019531,476.48443603515625,0.9690696597099304
16,147.13206481933594,219.8311309814453,0.8002521395683289,170.53700256347656,372.9581604003906,0.9987176656723022,180.54367065429688,475.8329162597656,0.9990732669830322,239.97665405273438,481.1248474121094,0.9933702945709229,177.41070556640625,482.4995422363281,0.009336710907518864,146.24038696289062,358.2772521972656,0.9687559604644775,71.23828125,423.3334045410156,0.9936815500259399,79.3853530883789,473.2599792480469,0.9790160655975342
17,130.49595642089844,215.5268096923828,0.8463870286941528,167.844970703125,372.58929443359375,0.9996067881584167,174.5574188232422,475.1253356933594,0.996038556098938,233.87823486328125,482.2458190917969,0.9983546137809753,236.1701202392578,477.18896484375,0.005468449555337429,145.31021118164062,360.9956970214844,0.05876443535089493,83.67254638671875,415.3255920410156,0.9986972212791443,89.14656066894531,463.4949035644531,0.9747574925422668
18,131.8008575439453,211.92076110839844,0.9952913522720337,164.1020965576172,374.47174072265625,0.9996021389961243,167.479736328125,475.5865173339844,0.998256266117096,226.9756622314453,482.47601318359375,0.9970903396606445,129.05258178710938,211.7379150390625,0.011226226575672626,185.30763244628906,341.8765563964844,0.72127765417099,98.6158218383789,408.8318176269531,0.9972918629646301,104.38349151611328,459.09906005859375,0.9833048582077026
19,135.30294799804688,209.10235595703125,0.9973649382591248,160.36997985839844,373.3665771484375,0.9978477954864502,162.17532348632812,474.36700439453125,0.9992489218711853,221.4202880859375,482.6388244628906,0.997105062007904,133.66578674316406,210.1699676513672,0.039494290947914124,192.6881866455078,337.4315490722656,0.8515691757202148,115.84823608398438,408.7102966308594,0.9932777285575867,128.41506958007812,456.04254150390625,0.9504705667495728
20,138.27297973632812,206.7032012939453,0.9904165267944336,153.20152282714844,376.0802001953125,0.9899221062660217,156.6098175048828,474.20404052734375,0.9967451095581055,213.51242065429688,482.4675598144531,0.9910394549369812,135.5957489013672,205.9430694580078,0.02486286498606205,198.0236358642578,336.1244201660156,0.8075624108314514,136.93870544433594,411.9781494140625,0.9892158508300781,128.5956268310547,399.4252624511719,0.01786292903125286
21,140.37750244140625,205.32534790039062,0.9946900606155396,150.86061096191406,366.2984313964844,0.9757413864135742,148.280517578125,474.9304504394531,0.9994694590568542,208.11007690429688,484.6133117675781,0.9975524544715881,137.45697021484375,205.04391479492188,0.023322416469454765,197.81040954589844,332.9507141113281,0.7501861453056335,158.37509155273438,418.0277404785156,0.6894480586051941,208.5067138671875,483.9146728515625,0.047440048307180405
22,141.29769897460938,204.0150604248047,0.9954339861869812,148.38746643066406,368.7059020996094,0.9983794689178467,143.0683135986328,474.05633544921875,0.9983329176902771,201.58200073242188,483.55035400390625,0.9957039952278137,138.35482788085938,203.8563995361328,0.028275737538933754,202.31153869628906,329.500732421875,0.15201649069786072,180.81263732910156,427.1036376953125,0.9959720969200134,225.8701171875,446.3102111816406,0.6140025854110718
23,142.71624755859375,203.70713806152344,0.9947026371955872,145.0666046142578,371.03070068359375,0.9983429908752441,135.1163330078125,474.2103576660156,0.9990214109420776,195.73001098632812,484.6133728027344,0.9957661628723145,139.51443481445312,204.0189971923828,0.028473826125264168,198.191650390625,326.6331787109375,0.14660976827144623,204.18701171875,428.63311767578125,0.9332941174507141,250.9835968017578,435.131103515625,0.15568551421165466
24,143.11709594726562,203.59886169433594,0.9939425587654114,142.1527099609375,371.7207946777344,0.9986520409584045,128.32904052734375,474.0181884765625,0.9994235038757324,188.96859741210938,488.698486328125,0.996309220790863,139.94876098632812,203.84535217285156,0.028865432366728783,196.63502502441406,328.5046691894531,0.17605754733085632,222.4757843017578,426.9261779785156,0.07024282962083817,265.5561218261719,424.3364562988281,0.02492818981409073
25,144.5384521484375,204.7069091796875,0.993707537651062,139.57530212402344,372.4687194824219,0.9988065958023071,123.22834777832031,474.5619201660156,0.9988657236099243,182.3982696533203,487.8981018066406,0.9922707080841064,141.48292541503906,204.43568420410156,0.02164445072412491,196.67568969726562,331.0436706542969,0.013932010158896446,226.9430694580078,427.7295837402344,0.17985588312149048,271.6330871582031,422.08355712890625,0.11289816349744797
26,147.7606201171875,205.43685913085938,0.9962666630744934,137.0297393798828,372.5185546875,0.9986631870269775,115.0255126953125,474.79290771484375,0.9996509552001953,175.790283203125,487.94000244140625,0.9912433624267578,145.36871337890625,205.0520477294922,0.021121341735124588,199.30458068847656,333.94342041015625,0.07238169759511948,224.56350708007812,429.2059631347656,0.32365667819976807,267.16046142578125,425.8133239746094,0.05165944620966911
27,150.0564727783203,206.1968994140625,0.9949905276298523,135.0520782470703,372.59881591796875,0.9987577199935913,109.90762329101562,474.7958984375,0.9988179802894592,168.28897094726562,489.1701354980469,0.9934719800949097,147.28524780273438,205.72377014160156,0.03146567568182945,199.18121337890625,334.77691650390625,0.18630807101726532,222.85145568847656,431.50201416015625,0.8197997212409973,264.1769714355469,433.35693359375,0.1409590095281601
28,152.06398010253906,206.45225524902344,0.9901995062828064,133.79684448242188,372.8889465332031,0.9993733763694763,102.79595947265625,474.2776794433594,0.9989117383956909,162.3622589111328,489.3629150390625,0.9885205626487732,149.03431701660156,205.3544921875,0.024741513654589653,198.1120147705078,335.9131774902344,0.2441674768924713,217.2669219970703,434.0535583496094,0.9396935105323792,261.8323059082031,438.9141845703125,0.5572145581245422
29,153.60125732421875,207.36468505859375,0.9874355792999268,132.90740966796875,371.8216552734375,0.9994182586669922,97.60529327392578,472.1678466796875,0.9990509152412415,154.64732360839844,490.906494140625,0.9876589179039001,147.98255920410156,208.74087524414062,0.027009569108486176,198.74827575683594,336.808349609375,0.23349633812904358,211.90806579589844,433.352783203125,0.9762090444564819,256.46990966796875,438.5166320800781,0.7076582312583923
30,152.8148193359375,207.68026733398438,0.9878857135772705,133.6097412109375,370.7226257324219,0.9990737438201904,92.22480010986328,468.768798828125,0.9976297616958618,148.0969696044922,490.8716735839844,0.9873355031013489,147.52056884765625,208.80560302734375,0.0303037092089653,198.90115356445312,339.0041198730469,0.16241797804832458,207.53257751464844,432.330322265625,0.9660003781318665,248.64849853515625,439.409423828125,0.9226815104484558
31,152.2888641357422,206.70787048339844,0.989280641078949,137.0951385498047,369.2577209472656,0.9941421151161194,88.96319580078125,463.39642333984375,0.9916447997093201,141.31784057617188,492.0559997558594,0.9845777153968811,147.8020477294922,207.327880859375,0.045887041836977005,195.4265899658203,338.1721496582031,0.4860633611679077,200.23388671875,433.3775634765625,0.9769342541694641,243.62667846679688,440.9093017578125,0.8441949486732483
32,152.73472595214844,206.17837524414062,0.9919133186340332,144.92430114746094,366.53729248046875,0.993984043598175,87.60768127441406,457.4830322265625,0.9965196847915649,136.08871459960938,491.7697448730469,0.9875170588493347,147.80015563964844,207.06031799316406,0.03708166256546974,191.79034423828125,336.82830810546875,0.27987176179885864,194.76023864746094,433.2667236328125,0.9893825054168701,238.51754760742188,439.9114074707031,0.9114935398101807
33,152.25270080566406,206.73744201660156,0.9920703768730164,152.2357940673828,364.5743103027344,0.9888808727264404,86.5572280883789,451.9342041015625,0.9976328611373901,128.8452911376953,491.6059265136719,0.9882935285568237,147.13845825195312,207.73980712890625,0.042256928980350494,188.14695739746094,337.1585998535156,0.2565343379974365,188.6881866455078,432.8653564453125,0.9867858290672302,231.1504364013672,439.80596923828125,0.9091973304748535
34,149.44654846191406,207.21400451660156,0.9906752705574036,162.34503173828125,361.6507873535156,0.9960058331489563,89.10848236083984,443.08880615234375,0.9954941272735596,124.33944702148438,489.1891784667969,0.9468730688095093,144.42666625976562,209.4922637939453,0.02437702752649784,164.76187133789062,360.141357421875,0.028030315414071083,182.02484130859375,433.2553405761719,0.987555205821991,225.69259643554688,440.6533508300781,0.9164546132087708
35,145.2969512939453,210.00648498535156,0.9930416345596313,174.5000762939453,359.61285400390625,0.966089129447937,94.17365264892578,437.3694152832031,0.9969544410705566,126.56715393066406,485.9380798339844,0.9619172215461731,140.32919311523438,211.40762329101562,0.01911967061460018,164.2236785888672,354.6547546386719,0.16744379699230194,177.22618103027344,433.0161437988281,0.9556728005409241,220.92909240722656,439.5270690917969,0.9149293303489685
36,141.96604919433594,214.82920837402344,0.9924401044845581,182.95143127441406,358.10235595703125,0.9896134734153748,102.67281341552734,432.013427734375,0.9904140830039978,133.87998962402344,481.19024658203125,0.982613205909729,137.07086181640625,214.2574920654297,0.028358589857816696,166.06121826171875,353.3059997558594,0.7532791495323181,172.07061767578125,431.33026123046875,0.8584856390953064,215.31439208984375,440.34967041015625,0.5984341502189636
37,139.3493194580078,215.75169372558594,0.9942242503166199,187.6131134033203,356.85430908203125,0.999077558517456,111.54556274414062,428.2656555175781,0.9861822128295898,143.46514892578125,476.3232421875,0.9189707636833191,134.5327606201172,215.83575439453125,0.025193212553858757,161.82847595214844,352.72784423828125,0.9711744785308838,165.1516876220703,432.8119812011719,0.8755241632461548,210.09890747070312,440.0617980957031,0.4484580457210541
38,135.4969940185547,216.76951599121094,0.9947507977485657,194.7310028076172,354.4389953613281,0.9980944991111755,121.98933410644531,427.7040710449219,0.8743703961372375,153.55667114257812,473.3857727050781,0.8798428177833557,132.77670288085938,217.36782836914062,0.025164376944303513,157.28668212890625,352.1679382324219,0.9955258965492249,158.98846435546875,434.3925476074219,0.8481666445732117,204.149658203125,440.6728210449219,0.5778020024299622
39,132.70306396484375,215.51856994628906,0.9945008754730225,197.46163940429688,350.9004211425781,0.9975243210792542,134.3241424560547,430.1225280761719,0.528531551361084,171.9422607421875,473.3006896972656,0.8736364841461182,129.234130859375,216.83761596679688,0.026579855009913445,153.83653259277344,349.87005615234375,0.9970558881759644,135.7732696533203,429.6425476074219,0.9019355177879333,197.60137939453125,443.119384765625,0.9451603293418884
40,129.6915283203125,215.74755859375,0.9928212761878967,197.55654907226562,347.56109619140625,0.9976785778999329,146.66421508789062,435.7527160644531,0.7176504135131836,186.35479736328125,471.7003479003906,0.8951163291931152,140.77261352539062,441.9390563964844,0.021647782996296883,150.9042205810547,347.90338134765625,0.9988547563552856,146.0957489013672,433.2734069824219,0.960260808467865,189.52407836914062,470.497802734375,0.7694316506385803
41,126.85106658935547,216.5063934326172,0.9900859594345093,197.0726776123047,345.9112243652344,0.9978340268135071,156.19717407226562,438.8597717285156,0.5262343883514404,206.09335327148438,469.3554992675781,0.9832384586334229,123.2149887084961,218.0301971435547,0.02519388683140278,146.1543731689453,347.8920593261719,0.999237060546875,145.90956115722656,434.84539794921875,0.9915153980255127,207.36990356445312,469.812744140625,0.34220248460769653
42,124.89041137695312,217.7449188232422,0.9911836385726929,195.90118408203125,345.93865966796875,0.998764157295227,173.18011474609375,444.32586669921875,0.9802125692367554,223.96290588378906,465.12646484375,0.9871428608894348,121.04447937011719,218.31857299804688,0.02922367863357067,143.05123901367188,348.9954528808594,0.9986107349395752,136.77560424804688,434.7047119140625,0.9981486797332764,124.72978210449219,430.0755310058594,0.2665422856807709
43,123.34091186523438,218.98304748535156,0.9917466640472412,194.88340759277344,345.3567810058594,0.9986094236373901,186.81500244140625,450.39801025390625,0.995843231678009,242.14199829101562,459.07574462890625,0.9905381202697754,119.55805206298828,219.355712890625,0.026020757853984833,140.0625762939453,349.5867614746094,0.9986572265625,131.7061767578125,433.7160949707031,0.9969292283058167,119.39815521240234,428.6811828613281,0.16710256040096283
44,122.05864715576172,219.96336364746094,0.9913798570632935,190.69464111328125,347.3067932128906,0.9963682889938354,201.77256774902344,451.5060729980469,0.99583899974823,258.28863525390625,449.74993896484375,0.9923059344291687,118.61061096191406,220.18701171875,0.022218840196728706,136.55419921875,349.99798583984375,0.9971139430999756,126.78099060058594,434.654296875,0.9977118968963623,170.5143585205078,440.98028564453125,0.8821234107017517
45,120.03810119628906,220.6074676513672,0.9871895909309387,186.29522705078125,351.42877197265625,0.9956515431404114,215.6304931640625,451.72174072265625,0.9971902966499329,271.7045593261719,438.82891845703125,0.9843149781227112,117.95648193359375,220.6089324951172,0.020400209352374077,132.24501037597656,351.46142578125,0.9979908466339111,120.27631378173828,434.4744567871094,0.9973694086074829,166.94029235839844,441.9033203125,0.9838374257087708
46,118.8066177368164,219.91818237304688,0.9878070950508118,186.47299194335938,352.8890686035156,0.9980015158653259,223.801513671875,448.721435546875,0.9982283711433411,278.9438781738281,433.23590087890625,0.9462356567382812,219.2278289794922,462.12164306640625,0.014887582510709763,129.4335174560547,351.99072265625,0.99803227186203,115.66071319580078,434.5654296875,0.9967949986457825,160.78858947753906,441.7275085449219,0.9789038896560669
47,118.5613784790039,220.27149963378906,0.989490807056427,186.5812225341797,353.2217102050781,0.9985077977180481,227.28802490234375,447.9533386230469,0.9981536269187927,280.892578125,431.4733581542969,0.9644062519073486,115.14810180664062,221.10348510742188,0.013340748846530914,126.89937591552734,352.01007080078125,0.9965176582336426,111.94638061523438,433.79473876953125,0.9964564442634583,156.99659729003906,440.9595947265625,0.9910880327224731
48,117.75086975097656,221.47691345214844,0.986579954624176,186.56089782714844,354.1788024902344,0.9988352656364441,227.0425567626953,449.9149169921875,0.9990390539169312,279.4901123046875,435.060546875,0.9766532778739929,114.45951080322266,221.94212341308594,0.01424796599894762,124.41553497314453,352.3324279785156,0.9974088072776794,106.359375,432.7098693847656,0.9982602000236511,153.2666473388672,440.9281921386719,0.976392388343811
49,117.69953155517578,222.50685119628906,0.9789623618125916,186.89480590820312,355.9261779785156,0.9988480806350708,224.26412963867188,452.89459228515625,0.9988683462142944,277.1624755859375,438.20770263671875,0.9840754866600037,218.21263122558594,463.5538635253906,0.0183662548661232,122.72639465332031,352.1153869628906,0.997765302658081,101.55611419677734,433.2680969238281,0.9969263672828674,147.73757934570312,441.56683349609375,0.982770562171936
50,117.83475494384766,223.46092224121094,0.9697284698486328,186.5797882080078,358.7286376953125,0.9973148703575134,221.38465881347656,456.58221435546875,0.9958376884460449,274.86614990234375,444.9277038574219,0.9913727045059204,113.27565002441406,225.34906005859375,0.009672660380601883,120.7106704711914,353.11126708984375,0.996889054775238,97.39463806152344,432.2337341308594,0.9950384497642517,144.13719177246094,441.3643493652344,0.9577658772468567
51,119.07830810546875,224.34512329101562,0.9518826603889465,185.3612823486328,361.3842468261719,0.9950608611106873,214.4464874267578,461.239013671875,0.9974135756492615,270.25439453125,450.908447265625,0.9943085312843323,114.50690460205078,226.4147186279297,0.007381611503660679,120.20132446289062,352.69635009765625,0.9962198138237,94.522705078125,430.6580810546875,0.9978123903274536,140.26406860351562,441.9973449707031,0.9898365139961243
52,121.02667236328125,225.40945434570312,0.9717056155204773,182.0301055908203,365.4698791503906,0.9983707070350647,209.25271606445312,466.74896240234375,0.9978389143943787,265.1187744140625,458.16082763671875,0.9811640381813049,116.18661499023438,228.06016540527344,0.007405785843729973,120.06364440917969,352.9648132324219,0.9963777661323547,91.00759887695312,429.36566162109375,0.998792290687561,134.96127319335938,441.7587585449219,0.9782837629318237
53,123.08425903320312,225.9325714111328,0.986062228679657,182.99185180664062,367.10540771484375,0.9974606037139893,206.38174438476562,464.9094543457031,0.9890034794807434,265.0910339355469,462.14324951171875,0.9792155027389526,119.74109649658203,227.60842895507812,0.011166920885443687,120.12398529052734,352.86541748046875,0.9935479760169983,87.79988861083984,428.24664306640625,0.9964486360549927,130.57550048828125,443.2974548339844,0.9828498959541321
54,124.7349624633789,225.9907989501953,0.9667873382568359,181.79861450195312,367.0223693847656,0.9976550340652466,202.7707977294922,466.4241027832031,0.9954748749732971,261.106201171875,464.7120361328125,0.9915693402290344,121.7030029296875,226.90306091308594,0.009707476943731308,120.8902816772461,353.30853271484375,0.9870393872261047,85.46288299560547,425.5430908203125,0.9959611296653748,127.33056640625,443.3486022949219,0.9872597455978394
55,127.1689453125,223.81468200683594,0.933526873588562,179.58531188964844,366.49609375,0.9977197051048279,199.5020751953125,467.59619140625,0.9963846206665039,256.13067626953125,468.1373291015625,0.9962090253829956,123.07740020751953,225.3673553466797,0.007068884093314409,126.31661224365234,351.48138427734375,0.9874001145362854,83.71017456054688,423.0932312011719,0.9957808256149292,123.33658599853516,444.2519836425781,0.9913471341133118
56,128.61952209472656,221.27078247070312,0.890099823474884,178.3681640625,367.323486328125,0.9935812950134277,194.5868377685547,469.25164794921875,0.998516857624054,251.2229766845703,473.2163391113281,0.994568943977356,187.1278076171875,479.03912353515625,0.007644347380846739,134.40711975097656,350.8504943847656,0.9847511053085327,83.10101318359375,420.713623046875,0.9974915981292725,118.56777954101562,444.24725341796875,0.9883063435554504
57,131.55294799804688,220.7649383544922,0.33986541628837585,177.60604858398438,369.28497314453125,0.9912311434745789,190.73370361328125,469.17657470703125,0.9977292418479919,247.70249938964844,478.6759338378906,0.990994393825531,185.74461364746094,479.6766052246094,0.008326465263962746,144.76470947265625,351.25634765625,0.9843040108680725,85.8851547241211,416.07684326171875,0.9961795806884766,113.72955322265625,446.36749267578125,0.990045964717865
58,133.32916259765625,220.91671752929688,0.09482361376285553,177.1574249267578,370.55780029296875,0.9914979338645935,186.55751037597656,470.7467346191406,0.9979549646377563,242.51226806640625,481.2536315917969,0.9960083961486816,238.4284210205078,477.7511291503906,0.0038596894592046738,151.56118774414062,353.99005126953125,0.9100532531738281,92.48820495605469,410.9458312988281,0.9994532465934753,109.23555755615234,447.6015319824219,0.9887191653251648
59,132.8011932373047,225.1826629638672,0.005092016886919737,175.7594451904297,370.27813720703125,0.9854093194007874,182.92306518554688,471.6981201171875,0.9989181756973267,237.77203369140625,483.622314453125,0.9974276423454285,176.85379028320312,480.22821044921875,0.005974967032670975,155.55577087402344,359.9993896484375,0.098140187561512,99.578125,406.1396484375,0.9967457056045532,110.9482192993164,445.01226806640625,0.9890910983085632
60,124.3212890625,443.3659362792969,0.002584845991805196,173.80714416503906,371.1549377441406,0.995471715927124,176.63182067871094,472.5462646484375,0.9982275366783142,232.2034912109375,484.0764465332031,0.9979010820388794,170.2596435546875,479.8526306152344,0.015131737105548382,162.66220092773438,360.9466552734375,0.010796910151839256,108.03951263427734,403.813720703125,0.9987707734107971,120.49691009521484,444.610595703125,0.9753522872924805
61,134.17453002929688,218.9208984375,0.020061779767274857,171.4560089111328,373.08197021484375,0.9981977343559265,172.7012481689453,470.59698486328125,0.998584508895874,227.21034240722656,484.9873352050781,0.9976801872253418,169.24078369140625,478.9182434082031,0.004217654000967741,195.18190002441406,342.2754821777344,0.8481680154800415,119.0331802368164,404.167236328125,0.9965879917144775,133.80392456054688,445.3940124511719,0.9808704257011414
62,136.54054260253906,217.7609100341797,0.2958851456642151,167.09446716308594,374.7249755859375,0.984031081199646,167.2706756591797,471.401123046875,0.9988271594047546,221.99705505371094,487.05743408203125,0.9972092509269714,162.05433654785156,479.4289245605469,0.004714355804026127,203.49057006835938,340.98309326171875,0.9578820466995239,131.28292846679688,408.7683410644531,0.9987825751304626,152.1871337890625,450.007080078125,0.03491387143731117
63,137.78128051757812,215.05140686035156,0.6403353214263916,159.58645629882812,382.8003845214844,0.7428559064865112,160.95712280273438,473.3932189941406,0.9988898634910583,216.2756805419922,487.05816650390625,0.9973241090774536,154.57705688476562,479.33233642578125,0.023566825315356255,208.54640197753906,338.4633483886719,0.9131981134414673,148.82583618164062,413.03948974609375,0.9918603301048279,139.5333251953125,400.89630126953125,0.08611362427473068
64,140.54751586914062,214.66436767578125,0.8729308843612671,158.77345275878906,370.80438232421875,0.857840895652771,156.73281860351562,472.0039367675781,0.9993769526481628,210.935546875,488.0433044433594,0.9970836043357849,136.75051879882812,216.66644287109375,0.013172043487429619,211.19338989257812,336.5955810546875,0.8676159977912903,162.95188903808594,420.57012939453125,0.4858275353908539,211.87330627441406,487.16094970703125,0.05467692390084267
65,141.92234802246094,213.7449951171875,0.9563601613044739,155.01220703125,372.7821350097656,0.9962632060050964,151.6160430908203,471.60382080078125,0.9982169270515442,206.48922729492188,487.5475769042969,0.9946768283843994,135.0703887939453,214.8294219970703,0.021638574078679085,214.35780334472656,338.26959228515625,0.7430242300033569,184.04673767089844,428.9540100097656,0.9931424856185913,225.1921844482422,450.7962646484375,0.9646294713020325
66,143.8365478515625,212.14646911621094,0.9763715267181396,154.09080505371094,373.275390625,0.9958284497261047,144.57366943359375,472.0662536621094,0.9993341565132141,200.4757843017578,489.3348693847656,0.9910449981689453,136.9427947998047,479.5953674316406,0.010106831789016724,216.9204559326172,338.9941101074219,0.5687896013259888,206.8232879638672,436.0506896972656,0.9965406060218811,249.77627563476562,445.412109375,0.6607958674430847
67,146.2735137939453,211.18212890625,0.9842737913131714,150.36302185058594,373.24517822265625,0.9982125759124756,141.49522399902344,470.5968322753906,0.9983622431755066,196.81097412109375,489.23333740234375,0.9971812963485718,143.7501678466797,213.1885528564453,0.01179015263915062,215.83338928222656,336.6175842285156,0.7640851140022278,228.98971557617188,440.72149658203125,0.42452043294906616,273.9574890136719,438.3578796386719,0.31384551525115967
68,146.76649475097656,208.97048950195312,0.9626957178115845,147.8817901611328,373.4969482421875,0.9981167316436768,136.3101043701172,469.1411437988281,0.9982699155807495,188.67535400390625,490.2900695800781,0.9935448169708252,129.93630981445312,479.6942138671875,0.009469758719205856,213.3674774169922,336.9908447265625,0.3909059166908264,245.263916015625,439.1547546386719,0.668331503868103,290.8155822753906,432.2288818359375,0.19688203930854797
69,148.29771423339844,209.7506866455078,0.9602570533752441,146.77049255371094,373.56170654296875,0.9981968998908997,130.12574768066406,470.78631591796875,0.9996305704116821,184.1010284423828,490.08428955078125,0.9921757578849792,144.70901489257812,211.8201904296875,0.01888439618051052,213.6175994873047,337.8987731933594,0.4969908893108368,250.876220703125,439.412841796875,0.728622317314148,296.13592529296875,428.6496887207031,0.08925902098417282
70,150.50755310058594,210.31784057617188,0.911664605140686,145.0749053955078,374.8378601074219,0.9968474507331848,125.81477355957031,469.62127685546875,0.9983055591583252,178.8793182373047,489.839599609375,0.9905390739440918,146.56219482421875,212.1356201171875,0.026095734909176826,215.6600341796875,340.0489807128906,0.5775953531265259,248.19357299804688,443.50360107421875,0.5543578863143921,294.8681335449219,437.2314758300781,0.2709861993789673
71,153.74729919433594,210.43145751953125,0.8744796514511108,144.4979248046875,375.2696228027344,0.9960547685623169,120.8868637084961,468.42218017578125,0.9980682730674744,172.34373474121094,490.4137878417969,0.9923650622367859,147.65736389160156,212.9042510986328,0.011158041656017303,216.49481201171875,340.4631042480469,0.7546069025993347,246.886962890625,446.3704833984375,0.7654018402099609,292.91204833984375,441.707763671875,0.14020922780036926
72,156.32284545898438,211.70205688476562,0.7096626162528992,143.45135498046875,375.2455749511719,0.9952723383903503,114.10688018798828,469.7621154785156,0.9996837377548218,167.97898864746094,490.58062744140625,0.9957188963890076,106.52696228027344,477.9488525390625,0.022367268800735474,215.87088012695312,340.5644836425781,0.8698253631591797,244.33349609375,447.89715576171875,0.8843250870704651,291.6497497558594,450.3402099609375,0.37805676460266113
73,157.00216674804688,212.69125366210938,0.49065327644348145,143.4951629638672,374.3203125,0.9960541725158691,110.62805938720703,467.03033447265625,0.9981881976127625,163.1595916748047,490.5940246582031,0.990748941898346,105.34451293945312,477.26318359375,0.042293936014175415,215.9719696044922,342.3372497558594,0.8531665205955505,240.177734375,448.7709045410156,0.9435024857521057,287.1138610839844,454.0443420410156,0.8190834522247314
74,159.3242645263672,211.87948608398438,0.225265234708786,143.62832641601562,372.9458923339844,0.9969678521156311,107.06074523925781,463.39715576171875,0.9967089891433716,156.68670654296875,491.4566345214844,0.9920200705528259,100.51482391357422,475.3186340332031,0.012852562591433525,216.40762329101562,339.91351318359375,0.9052747488021851,235.7249298095703,449.0634765625,0.9873555302619934,282.1965026855469,454.1383361816406,0.8711249828338623
75,162.6871337890625,211.66900634765625,0.12550032138824463,146.5675506591797,371.5288391113281,0.9966633915901184,103.33682250976562,461.46087646484375,0.9972892999649048,152.4837646484375,491.9111633300781,0.9927178621292114,98.76944732666016,466.6431884765625,0.0076071578077971935,216.84031677246094,339.3621520996094,0.872799813747406,230.3047332763672,449.17657470703125,0.9642131328582764,278.4336853027344,455.2011413574219,0.8758669495582581
76,184.37034606933594,218.0211181640625,0.06926515698432922,151.81887817382812,371.2424621582031,0.9932900667190552,100.63522338867188,457.36346435546875,0.9977537989616394,146.538818359375,493.5782470703125,0.9912302494049072,96.47544860839844,464.5787658691406,0.00851485226303339,216.99453735351562,340.8035888671875,0.7467352747917175,224.95106506347656,448.32916259765625,0.976180374622345,272.051025390625,455.3541259765625,0.8546911478042603
77,164.83648681640625,209.37049865722656,0.04528447985649109,161.13226318359375,370.1846618652344,0.9921360015869141,100.32513427734375,453.509765625,0.9991740584373474,141.29652404785156,493.1094665527344,0.9866570830345154,92.21421813964844,460.0994873046875,0.019733160734176636,211.89207458496094,340.2377624511719,0.9269126653671265,220.3011932373047,448.32000732421875,0.9867700338363647,266.71087646484375,456.0633544921875,0.9424337148666382
78,164.6693878173828,209.0917205810547,0.057876527309417725,170.8162841796875,370.5021667480469,0.99070143699646,102.6653823852539,445.91571044921875,0.9918732047080994,135.97337341308594,492.3660888671875,0.9770296812057495,139.77481079101562,491.0365295410156,0.003857332281768322,211.2986602783203,339.7291564941406,0.9480684399604797,214.7101287841797,449.2750244140625,0.977743923664093,262.9885559082031,455.40435791015625,0.9438440203666687
79,162.4625244140625,210.75209045410156,0.3065652549266815,182.7737274169922,369.43389892578125,0.9753205180168152,107.51526641845703,438.7019348144531,0.9972968697547913,135.41842651367188,489.2667541503906,0.9632038474082947,105.18888854980469,447.9454650878906,0.004239744506776333,212.89938354492188,339.6007995605469,0.035510867834091187,209.4392852783203,448.069580078125,0.9829214215278625,256.59991455078125,455.4342346191406,0.7827970385551453
80,160.34796142578125,213.8617706298828,0.7476257681846619,195.50457763671875,368.5002136230469,0.9834274053573608,114.343994140625,433.0254211425781,0.9938228130340576,136.91253662109375,486.99603271484375,0.9463522434234619,152.72476196289062,215.3945770263672,0.005405166652053595,187.84397888183594,364.03802490234375,0.03606918454170227,203.7932586669922,448.17510986328125,0.9832668304443359,251.40237426757812,455.2766418457031,0.8471241593360901
81,160.33938598632812,215.52020263671875,0.8464193344116211,207.59661865234375,367.28009033203125,0.9386424422264099,125.11270141601562,428.79840087890625,0.9818379282951355,146.92111206054688,482.5941467285156,0.9726043939590454,123.2325439453125,430.7660217285156,0.005737785249948502,193.232177734375,361.0584411621094,0.07917622476816177,198.38670349121094,448.6156005859375,0.8501173853874207,246.20924377441406,456.71148681640625,0.6846717000007629
82,159.8997802734375,214.95263671875,0.9075009822845459,215.74252319335938,365.6239929199219,0.9923098087310791,135.4754638671875,427.0925598144531,0.972754955291748,161.156494140625,482.132080078125,0.9900050759315491,150.8960418701172,218.22854614257812,0.010730797424912453,191.07864379882812,354.59246826171875,0.9867625832557678,191.42726135253906,447.2024841308594,0.8805415630340576,239.8674774169922,456.5707702636719,0.6269237995147705
83,158.0730438232422,214.69798278808594,0.9086449146270752,222.75521850585938,361.7467956542969,0.9893380403518677,148.88792419433594,429.16253662109375,0.9643969535827637,175.82693481445312,482.09857177734375,0.9521134495735168,149.6343994140625,218.4608917236328,0.030189523473381996,187.87060546875,354.45086669921875,0.9987033605575562,184.45135498046875,447.2321472167969,0.9853237867355347,233.31915283203125,455.7218017578125,0.7302064895629883
84,156.3274383544922,214.90731811523438,0.9060724377632141,227.24786376953125,359.0547790527344,0.9979901313781738,162.35147094726562,434.50860595703125,0.5631026029586792,194.3709259033203,482.5737609863281,0.9833099246025085,148.00143432617188,218.33468627929688,0.09129045158624649,185.7826690673828,351.8280029296875,0.9978571534156799,163.7698211669922,432.242919921875,0.9849140048027039,227.59622192382812,457.2267150878906,0.9847068190574646
85,155.65293884277344,215.08856201171875,0.941382646560669,228.62818908691406,357.0386047363281,0.9990453124046326,172.78518676757812,440.5351867675781,0.030688239261507988,215.2299041748047,485.0013122558594,0.9007434248924255,146.8738555908203,218.12594604492188,0.15534979104995728,183.06593322753906,349.9774475097656,0.9991881251335144,175.2286834716797,439.133544921875,0.9966546297073364,217.11854553222656,484.51092529296875,0.7851903438568115
86,154.5565948486328,216.10403442382812,0.9436063766479492,229.5311279296875,356.1077880859375,0.9993976354598999,189.20872497558594,447.2787780761719,0.02013454958796501,239.99896240234375,485.2984313964844,0.8456400632858276,146.26808166503906,219.26547241210938,0.09828833490610123,178.2052459716797,351.4114990234375,0.9992387294769287,170.0077362060547,443.85992431640625,0.9994456171989441,240.95297241210938,485.4452819824219,0.9007613658905029
87,152.2259521484375,217.64700317382812,0.9469002485275269,229.7546844482422,356.2569885253906,0.99925297498703,206.8565673828125,455.80145263671875,0.9873380661010742,263.3318176269531,482.4729309082031,0.9882285594940186,146.02903747558594,219.9697723388672,0.08291249722242355,174.1167449951172,350.1379699707031,0.9987603425979614,163.08673095703125,444.8792419433594,0.998390793800354,151.42393493652344,438.8625793457031,0.2273670881986618
88,152.0821533203125,217.33676147460938,0.9612306356430054,227.6299591064453,357.1800231933594,0.9995785355567932,225.58740234375,462.4439697265625,0.9943048357963562,284.6531677246094,473.9458923339844,0.9788312315940857,146.328125,219.47238159179688,0.058735355734825134,169.59613037109375,350.5426025390625,0.9977259039878845,157.1486053466797,445.1444091796875,0.9989117383956909,143.64300537109375,436.83514404296875,0.16575047373771667
89,151.31930541992188,216.04759216308594,0.9631457924842834,224.63192749023438,359.78973388671875,0.9981648325920105,244.17564392089844,466.3947448730469,0.9984365105628967,304.8125,461.9960021972656,0.9912214279174805,146.11627197265625,218.05772399902344,0.0385793037712574,166.51663208007812,351.44195556640625,0.9990705847740173,150.1368408203125,445.2255859375,0.9950616955757141,197.63143920898438,453.1508483886719,0.9927526712417603
90,151.6473846435547,215.8811798095703,0.956135630607605,221.9730987548828,360.524658203125,0.9966651797294617,260.22528076171875,463.2887268066406,0.9986007809638977,317.0246887207031,447.4454040527344,0.9962467551231384,146.41494750976562,217.70233154296875,0.03137662634253502,162.41690063476562,351.7703552246094,0.9993928670883179,144.44964599609375,445.72442626953125,0.9962921142578125,193.4805145263672,453.3562316894531,0.9919008612632751
91,152.3560333251953,217.09963989257812,0.9700653553009033,225.42674255371094,360.31292724609375,0.9984325766563416,268.05926513671875,460.1772766113281,0.9960184693336487,323.88140869140625,445.71734619140625,0.996059775352478,149.0684051513672,219.1234588623047,0.03489353880286217,158.70802307128906,351.2610778808594,0.9976992011070251,139.52378845214844,444.6805114746094,0.9984827637672424,187.2659454345703,453.6018371582031,0.9863213896751404
92,150.70263671875,217.54954528808594,0.9738911986351013,226.5378875732422,359.9223327636719,0.9989732503890991,269.86578369140625,459.09185791015625,0.9953303337097168,326.91900634765625,444.2854309082031,0.9914541244506836,146.74974060058594,219.21331787109375,0.04302648454904556,155.907470703125,349.9500732421875,0.998619794845581,133.32899475097656,443.83367919921875,0.9971143007278442,181.7362060546875,453.99920654296875,0.988067626953125
93,150.32310485839844,218.6111297607422,0.9785717725753784,227.7618408203125,361.16180419921875,0.9992903470993042,270.48260498046875,460.2349548339844,0.9936645030975342,327.1681823730469,448.5883483886719,0.993058443069458,146.3263702392578,220.13577270507812,0.05204620957374573,153.8333282470703,350.93951416015625,0.998364269733429,128.21571350097656,443.6037292480469,0.9964035749435425,176.8702392578125,453.9209289550781,0.9746134281158447
94,150.39572143554688,219.6834716796875,0.9666140079498291,227.5439453125,363.2069091796875,0.99951171875,269.3522644042969,462.7034606933594,0.993389368057251,324.419677734375,451.4211120605469,0.9963803887367249,146.52633666992188,220.77243041992188,0.0587017647922039,152.43531799316406,350.66656494140625,0.9984467625617981,124.06595611572266,442.8847961425781,0.9982597231864929,170.84231567382812,454.4591369628906,0.986420214176178
95,151.009765625,221.53292846679688,0.9520063996315002,225.74220275878906,366.9956359863281,0.9993255138397217,264.6575622558594,467.95953369140625,0.994965136051178,321.69451904296875,456.9235534667969,0.9902877807617188,147.2644805908203,222.76828002929688,0.03129362687468529,151.067626953125,350.7647705078125,0.9986271858215332,118.47501373291016,441.5977783203125,0.9942830204963684,166.32525634765625,455.1941833496094,0.9863163828849792
96,153.09713745117188,223.10948181152344,0.9520261287689209,223.0255584716797,371.876220703125,0.99859219789505,257.9491882324219,473.8417663574219,0.9981803894042969,316.4654846191406,463.753662109375,0.9897107481956482,147.55111694335938,224.17526245117188,0.019073082134127617,150.90220642089844,351.0832214355469,0.9986396431922913,113.13016510009766,440.0631408691406,0.9951701760292053,161.03135681152344,455.3716735839844,0.9806535840034485
97,153.20431518554688,224.777587890625,0.9014356732368469,222.40219116210938,374.52435302734375,0.9979161620140076,252.8991241455078,474.2325134277344,0.9939104318618774,312.6112365722656,469.7426452636719,0.9970153570175171,147.18814086914062,226.9330596923828,0.009449661709368229,150.9335174560547,351.5,0.9984812140464783,109.63033294677734,439.3441162109375,0.9966554641723633,154.57574462890625,456.00787353515625,0.978160560131073
98,152.19154357910156,226.55105590820312,0.4969348907470703,222.8863525390625,375.35406494140625,0.9970001578330994,247.8687286376953,474.1769104003906,0.9968531727790833,309.9100341796875,473.51361083984375,0.9907667636871338,304.5196228027344,474.7855529785156,0.00510744983330369,153.09193420410156,351.5743713378906,0.996580183506012,105.78035736083984,437.5799865722656,0.9988573789596558,149.56297302246094,456.5523376464844,0.98868328332901
99,151.79901123046875,224.64190673828125,0.02872847206890583,221.1492462158203,376.5439453125,0.9972373247146606,243.9796905517578,475.78045654296875,0.9992166757583618,303.9124450683594,476.93084716796875,0.9913100004196167,236.32025146484375,481.9954833984375,0.007452378515154123,156.96617126464844,352.4208984375,0.9973242282867432,102.84075927734375,434.4171447753906,0.9979867935180664,142.98867797851562,457.8924865722656,0.9817582964897156
100,186.28765869140625,229.50192260742188,0.017814116552472115,218.96958923339844,376.8218688964844,0.9976625442504883,239.25799560546875,477.2736511230469,0.9962771534919739,299.40997314453125,479.3304748535156,0.9931227564811707,299.9930725097656,475.85205078125,0.005346393678337336,164.95982360839844,351.6390075683594,0.9989234805107117,102.79464721679688,431.0634460449219,0.9974352717399597,138.02920532226562,458.0096740722656,0.993995726108551
101,220.80718994140625,381.4452209472656,0.002621721476316452,217.5439910888672,377.60357666015625,0.9974589943885803,233.05665588378906,479.4354553222656,0.9946503043174744,293.5708923339844,483.5393371582031,0.9954022169113159,293.24468994140625,478.7881774902344,0.002771712839603424,173.49766540527344,352.20989990234375,0.9962641596794128,105.85458374023438,426.0462646484375,0.9990816116333008,133.23733520507812,458.387939453125,0.9963582158088684
102,219.6956329345703,382.13433837890625,0.0018764962442219257,214.29135131835938,377.395751953125,0.998915433883667,227.6788330078125,479.39068603515625,0.99776291847229,287.5056457519531,487.75677490234375,0.9916804432868958,221.481201171875,481.57537841796875,0.0045194318518042564,183.48538208007812,355.392822265625,0.9967441558837891,111.29851531982422,420.55535888671875,0.9974516034126282,128.61817932128906,460.00799560546875,0.9935560822486877
103,124.41267395019531,459.2956237792969,0.002087908796966076,212.18605041503906,376.6336364746094,0.9976279139518738,222.9623260498047,479.2010498046875,0.9928230047225952,280.6702575683594,490.6624755859375,0.9918568134307861,216.8154754638672,487.9699401855469,0.004272851161658764,188.95799255371094,358.68426513671875,0.9203218221664429,119.61312866210938,416.6081848144531,0.9947807192802429,126.5551528930664,458.71392822265625,0.9903339743614197
104,167.5816192626953,221.42739868164062,0.13076600432395935,210.32615661621094,375.5205383300781,0.9989370703697205,216.90374755859375,480.5639343261719,0.9945671558380127,275.7572021484375,493.2937316894531,0.9915329813957214,138.1361083984375,459.3807678222656,0.004650099668651819,190.26840209960938,362.9742431640625,0.05555961653590202,130.39105224609375,412.1260681152344,0.9985028505325317,137.79733276367188,455.19927978515625,0.987370491027832
105,168.18551635742188,216.31069946289062,0.7972558736801147,206.79611206054688,375.5826416015625,0.9989665746688843,209.92784118652344,480.76580810546875,0.9976208806037903,268.0996398925781,495.4497985839844,0.9867435693740845,203.1999053955078,492.1277160644531,0.008580786176025867,202.84214782714844,364.2398986816406,0.005021924152970314,141.7035675048828,412.9952392578125,0.9991071820259094,151.438232421875,457.09503173828125,0.9878117442131042
106,170.98182678222656,213.35018920898438,0.9644097685813904,203.9450225830078,376.9897766113281,0.9986849427223206,204.52281188964844,479.67529296875,0.9963163137435913,261.717529296875,495.5601501464844,0.9879667162895203,165.0555877685547,214.9048614501953,0.030451133847236633,229.3126983642578,343.88720703125,0.9877620935440063,155.70120239257812,415.3718566894531,0.998715877532959,170.0079803466797,457.7919616699219,0.9605900645256042
107,173.93942260742188,210.95176696777344,0.9725351929664612,198.43099975585938,377.4145202636719,0.9911428689956665,197.3653106689453,480.4376220703125,0.9980528354644775,253.71092224121094,495.68682861328125,0.987196683883667,166.8181915283203,212.48443603515625,0.02260095253586769,235.28994750976562,342.58319091796875,0.97365802526474,170.86741638183594,420.05548095703125,0.9995006322860718,161.82147216796875,404.7821960449219,0.04558441787958145
108,174.07476806640625,208.86831665039062,0.9743000864982605,194.0956268310547,378.57501220703125,0.9790748953819275,190.48570251464844,479.767578125,0.9979768395423889,247.74928283691406,497.1083679199219,0.987934947013855,168.23304748535156,209.72833251953125,0.029985979199409485,238.4621124267578,345.90240478515625,0.42834827303886414,185.1938934326172,427.5458984375,0.4072302281856537,172.8756866455078,416.8239440917969,0.03936443105340004
109,174.56808471679688,208.05140686035156,0.9750081300735474,188.39797973632812,377.3998718261719,0.9971152544021606,183.896240234375,480.2187805175781,0.9977428913116455,241.18443298339844,495.69183349609375,0.9866583943367004,168.5242156982422,208.88394165039062,0.031178222969174385,239.6040802001953,338.34014892578125,0.05584486946463585,213.06442260742188,435.0453796386719,0.9490485787391663,252.0605010986328,458.9361267089844,0.24281878769397736
110,174.50851440429688,207.40460205078125,0.9746538400650024,185.09303283691406,377.3985595703125,0.9962179064750671,177.24725341796875,479.90655517578125,0.9956615567207336,234.7813262939453,496.6920166015625,0.9859843850135803,169.08038330078125,207.63880920410156,0.03337927535176277,242.51193237304688,337.5312805175781,0.6291006803512573,231.08558654785156,442.43115234375,0.9850056767463684,277.263427734375,452.2763671875,0.9442686438560486
111,174.93740844726562,207.9686737060547,0.9619934558868408,180.70220947265625,376.9041748046875,0.9974198341369629,171.99122619628906,478.74853515625,0.99581378698349,229.10414123535156,497.43487548828125,0.9928452372550964,170.95126342773438,206.53282165527344,0.035830866545438766,242.39479064941406,338.9962463378906,0.8235849738121033,254.01470947265625,445.6119079589844,0.8212101459503174,299.35235595703125,445.44207763671875,0.12032230198383331
112,175.723876953125,206.7187957763672,0.9743775129318237,176.83641052246094,379.1986083984375,0.9946241974830627,165.2124786376953,478.79754638671875,0.9991115927696228,220.41307067871094,497.1112976074219,0.990405261516571,171.9478759765625,206.12791442871094,0.0319540910422802,242.42503356933594,345.2186584472656,0.08086004108190536,270.72601318359375,444.92193603515625,0.3352869153022766,315.44561767578125,437.6799621582031,0.2007865011692047
113,177.15623474121094,206.23072814941406,0.9797134399414062,173.6147918701172,378.1872253417969,0.9930664300918579,158.55593872070312,477.0470886230469,0.9961041212081909,213.9173126220703,496.7808837890625,0.9891932606697083,173.15545654296875,205.95510864257812,0.03750395402312279,238.8366241455078,348.1314392089844,0.17042537033557892,277.9526062011719,444.90643310546875,0.5012906789779663,323.08648681640625,433.8655090332031,0.3027614653110504
114,178.58726501464844,207.06153869628906,0.9702892899513245,171.2987823486328,377.5921936035156,0.996374785900116,151.6005096435547,478.8824462890625,0.9976162910461426,206.97454833984375,496.9936828613281,0.9899458289146423,175.48838806152344,206.8035430908203,0.029608288779854774,241.2541961669922,347.31439208984375,0.3964863717556,275.0923767089844,449.4952087402344,0.7525468468666077,319.7789306640625,439.84112548828125,0.15188536047935486
115,180.397705078125,207.23934936523438,0.9496705532073975,168.66262817382812,376.887451171875,0.9937585592269897,144.73199462890625,476.25054931640625,0.9988356232643127,200.76133728027344,496.7862243652344,0.9874021410942078,176.66436767578125,207.5770721435547,0.033693473786115646,240.87899780273438,348.2256774902344,0.560515284538269,272.69110107421875,452.2541198730469,0.9383290410041809,319.5633239746094,447.9302062988281,0.14992855489253998
116,183.8770294189453,205.95057678222656,0.9583459496498108,165.99404907226562,376.5995178222656,0.9971477389335632,139.15313720703125,476.7635498046875,0.9984536170959473,192.85067749023438,497.196533203125,0.9904208183288574,180.87657165527344,206.02401733398438,0.06352020800113678,237.915283203125,346.61602783203125,0.6718522906303406,268.6713562011719,454.6128234863281,0.9650347232818604,314.69525146484375,455.426025390625,0.528653085231781
117,186.55856323242188,206.8280029296875,0.9837297797203064,164.1233673095703,376.5999755859375,0.9978190660476685,133.33639526367188,475.0676574707031,0.999198853969574,186.42205810546875,498.0782165527344,0.991407036781311,181.02310180664062,206.82089233398438,0.047132883220911026,236.3600616455078,344.3035583496094,0.7621775269508362,264.0478210449219,454.8143005371094,0.9188091158866882,311.99468994140625,460.8660583496094,0.5476836562156677
118,188.3289031982422,206.6029510498047,0.9827430248260498,163.2948760986328,375.035888671875,0.9988693594932556,127.03734588623047,473.469482421875,0.9983341097831726,180.1788330078125,498.38531494140625,0.9862174987792969,182.31521606445312,207.0004425048828,0.08570554107427597,239.0408935546875,344.80035400390625,0.8751979470252991,258.6557312011719,454.48736572265625,0.9813529253005981,306.5411376953125,462.3707580566406,0.6176828145980835
119,190.08261108398438,205.88389587402344,0.970406174659729,162.82479858398438,374.04107666015625,0.9990347623825073,122.34034729003906,471.0491943359375,0.9983500242233276,174.35702514648438,498.4388427734375,0.9867008328437805,182.4008026123047,207.1773223876953,0.09056518971920013,240.5514373779297,345.0970764160156,0.9203462600708008,252.62371826171875,454.1492004394531,0.9854080080986023,300.9739990234375,463.1963195800781,0.8628002405166626
120,190.97061157226562,202.91641235351562,0.9828528761863708,165.3369140625,373.2090759277344,0.9987785220146179,118.43115997314453,467.52117919921875,0.9980356097221375,167.7169647216797,500.01373291015625,0.9751313924789429,183.16517639160156,204.34014892578125,0.022721610963344574,237.65151977539062,346.76080322265625,0.8025539517402649,246.91912841796875,454.2696228027344,0.9570507407188416,294.95489501953125,463.783447265625,0.6460475325584412
121,190.72943115234375,201.4825439453125,0.9775450229644775,169.8652801513672,372.14056396484375,0.9943649768829346,115.77501678466797,462.47283935546875,0.9965803027153015,162.1956787109375,500.0926208496094,0.9876263737678528,182.82322692871094,203.50994873046875,0.016172632575035095,231.8502655029297,347.43096923828125,0.5201595425605774,240.5648651123047,453.44677734375,0.9891197681427002,289.4102478027344,463.587158203125,0.8247705698013306
122,191.03518676757812,202.59278869628906,0.9790747761726379,178.90399169921875,371.4410095214844,0.9960981607437134,114.47137451171875,456.09674072265625,0.9980216026306152,156.62872314453125,500.403076171875,0.9716296195983887,108.03083801269531,461.76165771484375,0.02926676534116268,226.45608520507812,345.3908386230469,0.7764170169830322,234.23806762695312,453.9171142578125,0.9823103547096252,282.8027038574219,463.1713562011719,0.8693485260009766
123,189.34886169433594,204.33941650390625,0.9898335933685303,185.7982177734375,372.8043518066406,0.9931782484054565,116.33951568603516,450.71112060546875,0.9980056881904602,149.916015625,499.38787841796875,0.9597076773643494,186.09033203125,205.29469299316406,0.011024679988622665,227.73764038085938,339.93365478515625,0.9901238083839417,228.0620880126953,453.1626892089844,0.9904046058654785,275.8064880371094,462.28192138671875,0.4786470830440521
124,187.63681030273438,205.23178100585938,0.9918292164802551,197.85946655273438,372.3686828613281,0.9917733073234558,120.739501953125,443.8104248046875,0.9945953488349915,148.8660430908203,495.6403503417969,0.9163127541542053,182.85342407226562,206.3651123046875,0.016762856394052505,227.64242553710938,339.07208251953125,0.5569223761558533,221.31956481933594,453.4924621582031,0.9929772019386292,270.189453125,462.74755859375,0.8424806594848633
125,183.04856872558594,207.02194213867188,0.9812643527984619,208.9849853515625,373.12457275390625,0.9828090071678162,127.12086486816406,439.5926513671875,0.9938210844993591,151.1523895263672,493.0982666015625,0.8630653023719788,178.5037078857422,207.9561004638672,0.014368424192070961,204.2036895751953,368.5402526855469,0.04941941052675247,214.9595489501953,454.244140625,0.9648081064224243,262.9595642089844,465.4675598144531,0.6103857159614563
126,179.70230102539062,208.10528564453125,0.9931116104125977,220.34271240234375,370.0019836425781,0.9935150146484375,136.75270080566406,437.0334167480469,0.9911962747573853,163.8759307861328,492.378662109375,0.9267978072166443,175.9049835205078,208.9000244140625,0.00574690755456686,203.6168975830078,364.02532958984375,0.14865048229694366,208.4586639404297,453.9565734863281,0.9607042074203491,256.7245788574219,465.3116760253906,0.5487743020057678
127,177.38815307617188,209.23196411132812,0.9930968880653381,228.6055908203125,367.1612243652344,0.9962666630744934,146.81695556640625,437.6438293457031,0.9894788861274719,176.61036682128906,490.9342956542969,0.9070667624473572,140.1484832763672,443.1549987792969,0.007293581962585449,200.01412963867188,357.9456787109375,0.9938246011734009,201.11036682128906,452.71881103515625,0.8513138294219971,249.7484893798828,464.4092102050781,0.8034401535987854
128,175.45901489257812,209.0233917236328,0.9891325831413269,231.58970642089844,363.4123229980469,0.9954830408096313,158.31712341308594,439.86175537109375,0.9641810059547424,191.2996063232422,493.4461364746094,0.9162602424621582,152.7177734375,444.65435791015625,0.005857972428202629,196.62452697753906,358.056884765625,0.998042106628418,193.91676330566406,450.6125183105469,0.9677863121032715,242.9890594482422,463.7541809082031,0.7330272197723389
129,172.11537170410156,208.5930938720703,0.975816547870636,233.66946411132812,361.8672790527344,0.993614673614502,171.3865509033203,446.70294189453125,0.8104357123374939,211.17108154296875,494.240478515625,0.9700465798377991,171.7862548828125,447.8757019042969,0.009574486874043941,193.52346801757812,354.6614074707031,0.9987642765045166,172.12579345703125,445.6590576171875,0.8935490250587463,235.1767578125,464.9365234375,0.9348456859588623
130,167.80548095703125,209.69488525390625,0.9876536726951599,234.95309448242188,362.4812316894531,0.9959065914154053,181.72804260253906,455.1921081542969,0.45313581824302673,230.20758056640625,497.5249938964844,0.46097826957702637,183.3526153564453,462.0095520019531,0.007027603220194578,188.8637237548828,354.851806640625,0.9992660880088806,182.06439208984375,453.6859130859375,0.9940375089645386,231.28598022460938,497.5820617675781,0.8209396600723267
131,165.2172088623047,210.6233673095703,0.9945458173751831,234.0802001953125,362.6131591796875,0.9974404573440552,197.73399353027344,463.1621398925781,0.7439180612564087,254.3105010986328,497.637939453125,0.9780200719833374,186.921630859375,461.2181701660156,0.004315417259931564,184.662109375,356.6551513671875,0.9994016885757446,175.2177276611328,453.23358154296875,0.9989025592803955,162.09718322753906,443.6952819824219,0.17073507606983185
132,162.7273712158203,210.9931182861328,0.9951395988464355,232.43057250976562,362.66070556640625,0.9990788698196411,215.26132202148438,474.06378173828125,0.9955184459686279,275.6108093261719,493.000732421875,0.9924665093421936,271.24951171875,492.387451171875,0.005370051134377718,180.28565979003906,357.6649475097656,0.9995181560516357,166.92127990722656,452.5038146972656,0.9970920085906982,154.41998291015625,444.37744140625,0.11387469619512558
133,160.88595581054688,212.20587158203125,0.9951193332672119,228.30926513671875,364.3795166015625,0.999646782875061,234.07664489746094,479.15692138671875,0.9960983991622925,296.60980224609375,483.985107421875,0.9943466782569885,300.1583557128906,477.3271484375,0.003960759378969669,174.61529541015625,356.3438720703125,0.9988076686859131,160.2276153564453,453.3251647949219,0.9972846508026123,147.6798858642578,443.5264587402344,0.1006460040807724
134,160.6248016357422,213.45245361328125,0.9916479587554932,223.8429412841797,367.9677429199219,0.9988201260566711,251.01565551757812,478.9308166503906,0.9939454197883606,312.4140625,470.2452392578125,0.995287299156189,171.13475036621094,358.7268981933594,0.004440642427653074,170.59786987304688,356.27587890625,0.9993441700935364,151.85568237304688,452.6947021484375,0.9968379735946655,203.40953063964844,461.4149169921875,0.9809998273849487
135,159.52706909179688,213.29676818847656,0.9853091835975647,226.67831420898438,367.10595703125,0.9994662404060364,261.7420959472656,475.85870361328125,0.9976619482040405,322.1531066894531,465.16802978515625,0.980469286441803,258.3277893066406,482.2091979980469,0.007811693474650383,166.3905487060547,357.9774475097656,0.9996343851089478,145.6744842529297,452.46331787109375,0.9959715008735657,196.74774169921875,460.43499755859375,0.9865824580192566
136,159.0392608642578,213.80397033691406,0.9682509899139404,228.59815979003906,367.57635498046875,0.9994478821754456,267.7577819824219,473.7023620605469,0.995794415473938,326.8335876464844,462.473388671875,0.9866681098937988,265.7157897949219,479.7840881347656,0.006025778129696846,163.66705322265625,357.424072265625,0.9995940327644348,139.8082275390625,451.7198486328125,0.99854576587677,191.27435302734375,460.73223876953125,0.985740602016449
137,158.2454376220703,217.0006561279297,0.9724136590957642,228.9549560546875,367.1080627441406,0.9995318651199341,268.8658447265625,473.57000732421875,0.9960516095161438,328.2905578613281,463.6034851074219,0.9675195217132568,157.5384063720703,361.6580810546875,0.006059098988771439,159.82318115234375,357.5243835449219,0.9990839958190918,133.7469482421875,451.1435241699219,0.9970620274543762,184.56332397460938,461.2022399902344,0.9708131551742554
138,157.55242919921875,219.57479858398438,0.9817950129508972,229.6566925048828,369.1772766113281,0.9996778964996338,267.5738525390625,474.556396484375,0.9953224062919617,326.3147888183594,465.8338928222656,0.9890637993812561,156.13687133789062,362.7975769042969,0.011222061701118946,156.84869384765625,357.425048828125,0.9986514449119568,127.94893646240234,450.2400207519531,0.9942101240158081,178.064208984375,461.6212158203125,0.9751209616661072
139,159.29336547851562,220.49037170410156,0.9686208367347717,229.274169921875,372.30120849609375,0.999777615070343,264.5703125,478.4814147949219,0.9923518300056458,323.3189697265625,470.1857604980469,0.9928176403045654,155.57504272460938,363.6614074707031,0.008217372000217438,155.2301025390625,357.4464416503906,0.9989854693412781,122.2669906616211,448.5345153808594,0.9983373880386353,173.27391052246094,460.76812744140625,0.9929835796356201
140,159.44593811035156,221.43685913085938,0.9818331599235535,228.34207153320312,375.9880676269531,0.9993698000907898,260.278564453125,480.88934326171875,0.9973266124725342,320.6730041503906,475.82568359375,0.9849503040313721,155.45028686523438,363.2969055175781,0.006315403152257204,154.15032958984375,357.2862854003906,0.9988092184066772,117.3599624633789,446.7679443359375,0.9965447783470154,166.38482666015625,462.4089660644531,0.9825665354728699
141,160.9397735595703,221.83445739746094,0.9858163595199585,228.275390625,376.23199462890625,0.9991133809089661,255.71754455566406,481.6620788574219,0.996367335319519,317.3412170410156,479.1775817871094,0.9880913496017456,316.46673583984375,476.50689697265625,0.008917703293263912,155.53977966308594,355.941162109375,0.9985729455947876,112.49639129638672,444.65374755859375,0.9979856014251709,161.82395935058594,462.8653564453125,0.9850022196769714
142,164.99143981933594,221.35987854003906,0.5607913136482239,225.40469360351562,376.3320617675781,0.9976391792297363,249.1796112060547,482.0602111816406,0.9955127835273743,310.29644775390625,480.9316101074219,0.9827333688735962,106.91728973388672,445.9463806152344,0.005440379027277231,158.36814880371094,353.8759765625,0.9980782270431519,109.74027252197266,441.9136047363281,0.997554361820221,155.27565002441406,462.9443359375,0.9909528493881226
143,165.75302124023438,220.61236572265625,0.4356394410133362,222.41763305664062,376.08740234375,0.9969727993011475,243.50381469726562,482.7881164550781,0.9982306361198425,304.92584228515625,485.035400390625,0.9952044486999512,301.17437744140625,480.20654296875,0.003893276210874319,164.84310913085938,350.8544006347656,0.9993419051170349,107.04590606689453,440.4332275390625,0.9960538148880005,149.015625,464.3116149902344,0.9834498763084412
144,168.58570861816406,217.83033752441406,0.82054203748703,220.07101440429688,377.44207763671875,0.9983702301979065,237.7812957763672,483.2037353515625,0.9979143738746643,299.2895202636719,488.70941162109375,0.9927759170532227,232.2406463623047,494.296875,0.006842987146228552,172.2321319580078,352.6392517089844,0.9986234903335571,106.38422393798828,435.89398193359375,0.9991506338119507,142.90443420410156,463.9112854003906,0.9842331409454346
145,171.62747192382812,216.602294921875,0.948968231678009,218.39016723632812,379.6192626953125,0.9990527033805847,233.48077392578125,484.4903869628906,0.9971017241477966,294.2875671386719,494.6268615722656,0.9898951649665833,105.94823455810547,429.2760009765625,0.0029368584509938955,181.0535430908203,355.46575927734375,0.9992169141769409,109.55577850341797,429.4066467285156,0.9993895292282104,137.9967041015625,465.31488037109375,0.990019679069519
146,173.5792999267578,214.7418670654297,0.9752134680747986,215.29827880859375,379.0317077636719,0.9980517625808716,227.99977111816406,485.7910461425781,0.9990045428276062,286.3662109375,498.1986389160156,0.9908806085586548,285.03546142578125,494.006591796875,0.0038126499857753515,188.3243865966797,359.5680847167969,0.9610923528671265,116.08121490478516,423.7896423339844,0.9965419173240662,133.60556030273438,466.2211608886719,0.9941049218177795
147,175.88377380371094,212.63807678222656,0.990720272064209,212.70506286621094,378.3721618652344,0.9989583492279053,223.19903564453125,485.8508605957031,0.998035728931427,281.848388671875,498.8421936035156,0.9927055239677429,216.70321655273438,494.9415588378906,0.011075042188167572,193.45933532714844,363.2706298828125,0.07653826475143433,126.14291381835938,418.3182067871094,0.998446524143219,135.1129913330078,465.1826477050781,0.9779972434043884
148,178.00411987304688,209.33778381347656,0.9983575940132141,210.54440307617188,377.8453369140625,0.9988868832588196,217.79156494140625,485.9651794433594,0.9968517422676086,275.627685546875,499.7843322753906,0.9936776757240295,174.732421875,210.01675415039062,0.004744652193039656,228.5206756591797,346.6642761230469,0.7016624808311462,135.40200805664062,415.2490234375,0.9964219331741333,147.2359619140625,461.8706359863281,0.9954223036766052
149,180.444580078125,207.6588897705078,0.9977890253067017,208.6728057861328,377.2881774902344,0.9971098303794861,212.263427734375,486.5746154785156,0.9991557598114014,269.33837890625,500.8898010253906,0.990956723690033,204.74099731445312,496.0439453125,0.006751432549208403,229.87689208984375,345.06646728515625,0.9966739416122437,147.82919311523438,415.8142395019531,0.9985802173614502,162.774658203125,462.0389099121094,0.9960047602653503
150,182.371826171875,204.13792419433594,0.9983394145965576,207.59288024902344,378.6820983886719,0.9964525699615479,207.08944702148438,486.522705078125,0.9981531500816345,264.3925476074219,501.31463623046875,0.9901365041732788,179.22933959960938,205.1897735595703,0.01683727838099003,233.22959899902344,343.8375549316406,0.9978343844413757,161.5397186279297,421.8309631347656,0.998267412185669,181.84996032714844,463.7739562988281,0.5271511077880859
151,185.78472900390625,202.19419860839844,0.9940668344497681,202.77822875976562,380.63726806640625,0.9934019446372986,202.8656768798828,486.80450439453125,0.9977189898490906,259.1754455566406,501.59881591796875,0.9889037013053894,181.92218017578125,202.82887268066406,0.036890868097543716,236.44769287109375,346.9921875,0.9956892132759094,179.84188842773438,427.4468688964844,0.993694007396698,171.345458984375,414.8365478515625,0.08793278783559799
152,188.05857849121094,201.70355224609375,0.9914432168006897,199.67491149902344,377.9771423339844,0.9317881464958191,196.66893005371094,488.9576721191406,0.999439537525177,253.47862243652344,504.9090881347656,0.981734037399292,183.56613159179688,201.56289672851562,0.0510764941573143,240.0225830078125,344.4710388183594,0.9649789333343506,198.1582489013672,439.5465087890625,0.02850932441651821,180.4558563232422,433.2521057128906,0.036857251077890396
153,189.80975341796875,200.79852294921875,0.9923995137214661,196.720703125,381.38397216796875,0.9963992834091187,191.7343292236328,487.75274658203125,0.9971678853034973,250.42739868164062,503.55517578125,0.9968152642250061,185.68978881835938,201.08547973632812,0.04249218851327896,244.6917724609375,342.21270751953125,0.8756245374679565,223.9289093017578,444.8663330078125,0.9764377474784851,264.5958557128906,465.16839599609375,0.5269872546195984
154,192.30352783203125,200.70509338378906,0.9967304468154907,193.96783447265625,381.1335754394531,0.9982389211654663,187.690673828125,486.4722595214844,0.9982472658157349,243.70716857910156,503.806640625,0.9923697710037231,188.1373291015625,200.881103515625,0.02667265199124813,250.5757598876953,344.6533508300781,0.807196319103241,247.57569885253906,451.4676208496094,0.9856846332550049,294.6075439453125,458.3538818359375,0.6180531978607178
155,193.7738800048828,201.9680938720703,0.9964715242385864,191.9765625,382.22711181640625,0.9950608611106873,182.94815063476562,488.2784423828125,0.998671293258667,241.2086944580078,505.4509582519531,0.9960656762123108,190.70852661132812,201.76087951660156,0.032193414866924286,250.699462890625,348.5406799316406,0.9106506705284119,270.7002258300781,453.5361328125,0.8062423467636108,316.8751525878906,452.66058349609375,0.5631393194198608
156,195.09091186523438,203.7599639892578,0.9957007765769958,190.69903564453125,381.4369812011719,0.9951636791229248,177.80636596679688,487.89764404296875,0.9992709755897522,235.31137084960938,505.1484680175781,0.9932413101196289,191.9792938232422,203.55889892578125,0.023907888680696487,250.7947235107422,348.1278076171875,0.6493094563484192,283.6794128417969,453.7021484375,0.6519585847854614,330.50628662109375,445.2005920410156,0.38284826278686523
157,198.1746368408203,204.92092895507812,0.9846832156181335,190.78053283691406,380.9642639160156,0.9913575649261475,174.73385620117188,487.5235900878906,0.9982244372367859,230.88525390625,504.6197814941406,0.967815637588501,194.9648895263672,204.064697265625,0.041913047432899475,252.82472229003906,348.9309997558594,0.4578079879283905,287.3143310546875,456.5184020996094,0.5174822211265564,335.5575866699219,450.7724914550781,0.4466761350631714
158,202.32676696777344,203.80609130859375,0.9855800867080688,191.28334045410156,380.396240234375,0.9869444966316223,172.17127990722656,486.83782958984375,0.9989317059516907,228.56094360351562,505.3598327636719,0.9778997898101807,197.1925506591797,203.730712890625,0.055125437676906586,258.3983459472656,352.6501770019531,0.38028252124786377,286.26922607421875,460.3992919921875,0.6197604537010193,332.3901062011719,455.7013854980469,0.3678465485572815
159,207.89968872070312,203.9097137451172,0.9879317879676819,192.63796997070312,378.8894348144531,0.9623037576675415,168.23313903808594,486.25537109375,0.9988043308258057,224.67129516601562,505.4638671875,0.9526922702789307,201.10595703125,205.6952362060547,0.11459659039974213,259.64410400390625,354.0904846191406,0.5630941390991211,286.5619812011719,461.9271545410156,0.7970187664031982,333.6398010253906,464.1466979980469,0.3975349962711334
160,212.53280639648438,204.08267211914062,0.9796690344810486,194.94749450683594,376.119873046875,0.9740242958068848,164.4849395751953,486.728271484375,0.9996737241744995,220.99110412597656,505.6451110839844,0.9734235405921936,209.1555633544922,203.77806091308594,0.09085234254598618,261.894287109375,353.4425048828125,0.7696524262428284,285.1217041015625,462.83441162109375,0.8752754926681519,332.411376953125,470.82965087890625,0.8100820183753967
161,216.6688690185547,204.71983337402344,0.9721607565879822,198.84597778320312,375.3381652832031,0.9773548245429993,161.63014221191406,485.36688232421875,0.9994451403617859,216.956298828125,506.0218200683594,0.9681844711303711,210.7675323486328,204.5655975341797,0.21817763149738312,263.6488037109375,352.96197509765625,0.947373628616333,283.0179443359375,463.0558166503906,0.8652893304824829,329.353515625,471.8275451660156,0.7205674052238464
162,219.50657653808594,206.2157440185547,0.9890908598899841,204.39871215820312,374.73370361328125,0.97286057472229,160.96644592285156,481.7751770019531,0.9990550875663757,215.0655059814453,506.62823486328125,0.9297322630882263,213.12042236328125,206.76341247558594,0.17624399065971375,265.5440979003906,353.7080993652344,0.9887421727180481,279.3154296875,463.45599365234375,0.6355911493301392,328.307861328125,470.3489074707031,0.7640144228935242
163,223.80856323242188,203.95375061035156,0.9952076077461243,210.415283203125,375.88824462890625,0.9423946142196655,159.97630310058594,477.75848388671875,0.9978269934654236,212.0302734375,508.9913024902344,0.9069671630859375,155.0180206298828,480.67022705078125,0.01861630752682686,265.8663330078125,353.41595458984375,0.9658524394035339,276.9343566894531,462.9494934082031,0.8594432473182678,326.0499267578125,471.360595703125,0.8135345578193665
164,225.8621826171875,202.73941040039062,0.9964371919631958,214.11781311035156,375.8493347167969,0.9655787348747253,160.21595764160156,473.98974609375,0.9983527660369873,210.91648864746094,509.304443359375,0.9379462003707886,154.31948852539062,479.3883361816406,0.029815860092639923,263.52606201171875,348.57861328125,0.9436964392662048,275.69171142578125,462.4429931640625,0.9195044636726379,322.8625183105469,471.4057922363281,0.8956932425498962
165,228.14222717285156,203.0322265625,0.9966624975204468,219.3459930419922,378.74798583984375,0.9831220507621765,163.8603057861328,469.6224670410156,0.9956079125404358,209.2532501220703,509.6712341308594,0.9588079452514648,156.82237243652344,475.1803283691406,0.021688519045710564,264.5177917480469,351.1565856933594,0.9392855763435364,272.5183410644531,462.8225402832031,0.9556969404220581,319.6493835449219,471.1697998046875,0.895939290523529
166,229.8016815185547,203.4508056640625,0.9971215128898621,233.38865661621094,375.2375793457031,0.4089711606502533,168.80267333984375,462.3465270996094,0.9894893765449524,207.26239013671875,510.2022705078125,0.9302083849906921,227.77642822265625,203.9321746826172,0.007621430326253176,266.1346130371094,353.0670471191406,0.5550783276557922,269.08843994140625,462.4376220703125,0.9778150916099548,317.6031799316406,471.85723876953125,0.9641939401626587
167,231.93641662597656,204.45167541503906,0.9874879121780396,251.40988159179688,373.1268310546875,0.9852719306945801,175.65350341796875,455.97137451171875,0.9941167831420898,210.818359375,509.33770751953125,0.879898190498352,170.46595764160156,461.12982177734375,0.011825712397694588,273.5160217285156,363.31207275390625,0.11368432641029358,268.9701843261719,461.52301025390625,0.9859362840652466,315.4080505371094,471.7781066894531,0.8883035182952881
168,230.5884552001953,207.88124084472656,0.9877018332481384,265.7313537597656,374.5528869628906,0.9948746562004089,186.79505920410156,451.6020812988281,0.9926848411560059,220.2950439453125,508.2428894042969,0.9543507099151611,220.12106323242188,506.9554748535156,0.00720500061288476,266.6307067871094,377.5713806152344,0.006935996934771538,266.94696044921875,461.07354736328125,0.9751085042953491,314.04852294921875,472.1432189941406,0.7129484415054321
169,230.659423828125,209.20358276367188,0.9756147861480713,277.12847900390625,373.9676208496094,0.9990411400794983,198.79896545410156,448.7535400390625,0.9795795679092407,231.94232177734375,505.777587890625,0.9866776466369629,223.1051788330078,506.8325500488281,0.006925475317984819,254.74122619628906,359.23516845703125,0.025911428034305573,262.92926025390625,461.5387268066406,0.9129563570022583,313.6280822753906,472.4217834472656,0.6808479428291321
170,232.46498107910156,206.92588806152344,0.9861949682235718,284.7836608886719,372.6376647949219,0.9979376792907715,212.4530487060547,446.8833312988281,0.9738459587097168,246.59165954589844,503.7283020019531,0.9671639800071716,230.46742248535156,206.80886840820312,0.010723193176090717,256.7586975097656,358.12774658203125,0.19187602400779724,260.854248046875,460.6206970214844,0.9835927486419678,311.8577575683594,472.90673828125,0.5317543148994446
171,237.3039093017578,206.1588134765625,0.9798802733421326,290.75250244140625,369.3908386230469,0.9987743496894836,227.60345458984375,450.84356689453125,0.9876939058303833,268.73614501953125,506.6750793457031,0.934516429901123,232.50074768066406,207.99771118164062,0.00899880938231945,259.14666748046875,357.1041259765625,0.6852813363075256,262.5573425292969,457.904296875,0.9860792756080627,310.1474304199219,471.76123046875,0.8212422132492065
172,240.11831665039062,206.64962768554688,0.9844457507133484,296.9153137207031,368.2213439941406,0.9971827268600464,249.35964965820312,455.85906982421875,0.9603146910667419,293.2569274902344,506.7765808105469,0.91868656873703,243.80018615722656,462.55645751953125,0.00584420096129179,260.9609069824219,354.3712158203125,0.9196339845657349,246.59654235839844,455.02874755859375,0.8062814474105835,310.3888854980469,473.94561767578125,0.815413236618042
173,242.72694396972656,205.12094116210938,0.9882367253303528,301.8279113769531,369.51483154296875,0.9993810653686523,260.9658203125,462.64239501953125,0.4357549250125885,313.99945068359375,506.0625,0.9244675040245056,263.3171081542969,462.5718688964844,0.008313183672726154,261.9798278808594,355.62603759765625,0.9916796088218689,260.453125,462.0556335449219,0.9804607033729553,313.85601806640625,504.41168212890625,0.12925861775875092
174,245.0586700439453,206.38345336914062,0.970848560333252,306.6009216308594,369.1739807128906,0.9993314743041992,275.1534118652344,468.36578369140625,0.7695035934448242,339.46075439453125,505.2597961425781,0.9798188209533691,336.1319885253906,507.9844665527344,0.008017949759960175,262.4268798828125,355.16314697265625,0.9977339506149292,263.1633605957031,459.817626953125,0.9955486059188843,339.439697265625,505.2064208984375,0.21512141823768616
175,247.33253479003906,204.95559692382812,0.9657769203186035,311.18402099609375,368.7144470214844,0.9994909763336182,302.3187561035156,478.13983154296875,0.9952314496040344,364.8448486328125,500.8679504394531,0.9955075979232788,246.0615692138672,205.63265991210938,0.005769100971519947,262.4268493652344,355.3013610839844,0.9973589777946472,261.1590881347656,457.46343994140625,0.9967118501663208,243.88812255859375,454.9346618652344,0.1861666440963745
176,250.7969512939453,205.48716735839844,0.9727970361709595,312.7740478515625,369.20440673828125,0.9994389414787292,323.91937255859375,482.3690490722656,0.9977613687515259,390.9847412109375,490.0366516113281,0.9929394721984863,248.9578094482422,204.8275909423828,0.006883167661726475,263.00225830078125,356.0520935058594,0.9960273504257202,260.67913818359375,458.25067138671875,0.9956432580947876,244.4877471923828,454.4005126953125,0.0669613927602768
177,252.78140258789062,205.98460388183594,0.950922966003418,313.81561279296875,368.7344665527344,0.9992502331733704,344.6874084472656,480.6463623046875,0.9939940571784973,411.0637512207031,475.08660888671875,0.9876839518547058,412.5673828125,475.052001953125,0.01009970810264349,264.5848083496094,356.95538330078125,0.9865942001342773,260.52783203125,459.0450439453125,0.9939895868301392,307.74359130859375,470.5675964355469,0.8370866179466248
178,254.807861328125,205.23944091796875,0.6699482798576355,321.6039123535156,368.1575622558594,0.999538779258728,360.1068115234375,477.3990478515625,0.9962509274482727,422.6728820800781,470.0860595703125,0.9933265447616577,427.9803771972656,474.2955017089844,0.0042830538004636765,265.891357421875,354.47589111328125,0.995749831199646,260.9086608886719,458.74627685546875,0.9906091690063477,308.2745361328125,472.1134338378906,0.9744254946708679
179,258.4214782714844,204.49998474121094,0.5712531208992004,328.234130859375,367.5933837890625,0.9984731078147888,369.2591247558594,474.199462890625,0.997040331363678,432.6475524902344,466.0977783203125,0.9383620619773865,363.49322509765625,481.09027099609375,0.004796052351593971,266.56671142578125,353.2385559082031,0.9978269934654236,261.17730712890625,458.58380126953125,0.990208625793457,309.263427734375,472.6213073730469,0.9685917496681213
