scorer,,,Shahril,Shahril,Shahril,Shahril,Shahril,Shahril,Shahril,Shahril,Shahril,Shahril,Shahril,Shahril,Shahril,Shahril,Shahril,Shahril
bodyparts,,,Right_Hip,Right_Hip,Right_Knee,Right_Knee,Right_Ankle,Right_Ankle,Right_Toe,Right_Toe,Left_Hip,Left_Hip,Left_Knee,Left_Knee,Left_Ankle,Left_Ankle,Left_Toe,Left_Toe
coords,,,x,y,x,y,x,y,x,y,x,y,x,y,x,y,x,y
labeled-data,BelowKnee_Anterior,img000.png,638.7911525769346,356.26392366677635,633.582012721703,477.18479089101527,619.0681704356628,606.8417819796406,611.2397479487101,657.3858846262598,697.5772962964973,360.698673031137,695.2226358870121,493.34454276546427,670.8911449889995,615.7868840586898,689.7284282648802,639.3334881535408
labeled-data,BelowKnee_Anterior,img001.png,643.683176078479,356.5752529590605,637.452370664647,479.11996986248727,620.0357599213988,608.7769609511126,611.2397479487101,660.5254318389066,698.362183099659,362.2684466374604,694.4377490838503,493.34454276546427,667.7515977763526,618.1415444681747,694.4377490838505,640.1183749567024
labeled-data,BelowKnee_Anterior,img002.png,643.2636946404659,354.64007398758844,635.5171916931749,480.0875593482233,621.9709388928709,610.7121399225846,612.0246347518719,659.7405450357448,699.1470699028207,359.91378622797527,697.5772962964973,493.34454276546427,667.7515977763526,616.5717708618514,695.2226358870121,640.9032617598641
labeled-data,BelowKnee_Anterior,img003.png,646.0378364879642,358.4563558576681,636.484781178911,480.0875593482233,623.9061178643428,610.7121399225846,615.9490687676804,654.246337413613,699.1470699028207,363.8382202437838,694.4377490838503,493.34454276546427,670.8911449889995,616.5717708618514,696.0075226901738,638.548601350379
labeled-data,BelowKnee_Anterior,img004.png,644.8875443196539,358.45635585766803,640.355139121855,480.0875593482233,629.7116547787589,611.6797294083207,617.5188423740037,656.6009978230982,699.9319567059824,363.05333344062205,694.4377490838503,493.34454276546427,666.9667109731909,613.4322236492046,696.0075226901738,638.548601350379
labeled-data,BelowKnee_Anterior,img005.png,650.144973186347,360.26290821943024,640.355139121855,478.1523803767513,629.7116547787589,611.6797294083207,621.4432763898122,658.1707714294215,699.9319567059824,363.05333344062205,694.4377490838503,493.34454276546427,668.5364845795143,614.2171104523663,697.5772962964973,638.548601350379
labeled-data,BelowKnee_Anterior,img006.png,650.1449731863471,359.6607240988428,644.2254970647991,479.11996986248727,630.6792442644949,612.6473188940566,624.582823602459,659.7405450357448,699.9319567059824,363.05333344062205,696.0075226901738,493.34454276546427,669.321371382676,614.2171104523663,695.2226358870121,637.7637145472174
labeled-data,BelowKnee_Anterior,img007.png,649.9622705037726,358.45635585766803,646.1606760362711,477.18479089101527,632.614423235967,612.6473188940566,627.7223708151059,656.6009978230982,699.9319567059824,363.05333344062205,696.7924094933355,494.129429568626,669.321371382676,613.4322236492046,694.4377490838505,636.193940940894
labeled-data,BelowKnee_Anterior,img008.png,652.080152157819,358.6931346131068,646.1606760362711,476.21720140527924,633.582012721703,617.4852663227367,630.8619180277527,655.0312242167747,699.9319567059824,363.05333344062205,696.0075226901738,495.6992031749494,669.321371382676,611.8624500428812,696.0075226901738,637.7637145472174
labeled-data,BelowKnee_Anterior,img009.png,650.69308123407,358.6931346131068,646.1606760362711,477.18479089101527,633.582012721703,621.3556242656807,637.925899256208,653.4614506104513,703.8023146489267,363.05333344062205,696.7924094933355,502.7631844034047,668.5364845795143,611.8624500428812,694.4377490838505,639.3334881535408
labeled-data,BelowKnee_Anterior,img010.png,648.757902262598,354.4573713050142,646.1606760362711,477.18479089101527,634.549602207439,622.3232137514167,637.1410124530463,649.5370165946429,704.7699041346624,359.182975497678,694.4377490838503,501.978297600243,667.7515977763526,611.8624500428812,694.4377490838505,642.4730353661876
labeled-data,BelowKnee_Anterior,img011.png,648.3384208245848,356.62932903192495,647.128265522007,480.0875593482233,636.484781178911,626.1935716943608,641.0654464688548,651.8916770041279,704.9526068172368,360.44141981171725,694.4377490838503,501.978297600243,667.7515977763526,611.8624500428812,694.4377490838505,642.4730353661876
labeled-data,BelowKnee_Anterior,img012.png,648.9406049451723,356.26392366677635,646.1606760362711,479.11996986248727,634.549602207439,628.1287506658329,638.7107860593696,654.246337413613,706.8877857887089,363.161485586351,694.4377490838503,501.978297600243,666.9667109731909,611.0775632397194,692.8679754775271,644.042808972511
labeled-data,BelowKnee_Anterior,img013.png,651.0584865992184,361.1559471683209,646.1606760362711,481.0551488339593,639.387549636119,634.9018770659849,639.4956728625314,658.9556582325832,708.0380779570191,363.5809670243641,694.4377490838503,503.54807120656636,666.9667109731909,607.9380160270728,692.0830886743654,644.042808972511
labeled-data,BelowKnee_Anterior,img014.png,646.3491657802484,364.47819706354204,646.1606760362711,486.8606857483754,637.452370664647,637.8046455231929,637.1410124530463,663.6649790515535,704.167720014075,364.5485565101001,693.6528622806887,503.54807120656636,670.1062581858378,608.7229028302345,692.0830886743654,639.3334881535408
labeled-data,BelowKnee_Anterior,img015.png,644.2312841262021,368.16585232391174,646.1606760362711,494.6014016342635,639.387549636119,637.8046455231929,637.1410124530463,667.5894130673619,703.2001305283391,371.3216829102522,693.6528622806887,503.54807120656636,666.9667109731909,603.2286952081025,691.2982018712037,640.9032617598641
labeled-data,BelowKnee_Anterior,img016.png,641.8225476438524,368.03722571420184,646.1606760362711,487.82827523411135,639.387549636119,639.739824494665,636.3561256498846,675.4382810989789,705.0812334269466,372.6546777611368,695.2226358870121,501.1934107970813,670.1062581858378,601.6589216017791,688.9435414617185,640.9032617598641
labeled-data,BelowKnee_Anterior,img017.png,638.3716711389216,366.8869335458915,646.1606760362711,490.7310436913194,636.484781178911,636.8370560374569,637.925899256208,680.1476019179491,704.1136439412105,368.7843198181928,693.6528622806887,502.7631844034047,671.6760317921611,605.5833556175876,686.5888810522334,639.3334881535408
labeled-data,BelowKnee_Anterior,img018.png,637.4040816531856,368.82211251736356,646.1606760362711,492.6662226627914,636.484781178911,636.8370560374569,638.7107860593696,680.9324887211108,702.9633517729003,370.5367961070904,693.6528622806887,504.3329580097281,672.4609185953228,597.7344875859706,686.5888810522334,639.3334881535408
labeled-data,BelowKnee_Anterior,img019.png,637.5327082628954,366.8869335458915,644.2254970647991,498.4717595772075,638.4199601503831,637.8046455231929,637.925899256208,683.2871491305959,702.8347251631903,370.7194987896647,698.362183099659,505.9027316160515,675.6004658079696,589.8856195543535,690.513315068042,640.1183749567024
labeled-data,BelowKnee_Anterior,img020.png,634.8667185611262,368.2740044696406,639.387549636119,501.3745280344155,638.4199601503831,635.869466551721,636.3561256498846,684.0720359337577,702.124388896874,366.6123620912819,700.716843509144,510.61205243502167,681.0946734301015,584.3914119322217,688.1586546585568,639.3334881535408
labeled-data,BelowKnee_Anterior,img021.png,635.6516053642879,369.8978541488285,635.5171916931749,503.30970700588756,637.452370664647,634.9018770659849,635.5712388467228,681.7173755242725,700.2432859982665,364.4944804372357,703.0715039186291,511.3969392381834,681.8795602332633,579.6820911132514,685.0191074459101,638.548601350379
labeled-data,BelowKnee_Anterior,img022.png,635.6516053642879,370.0805568314028,635.5171916931749,504.27729649162353,636.484781178911,630.0639296373049,635.5712388467228,677.0080547053024,700.4800647537054,368.3648383801796,703.8563907217908,513.7515996476685,681.8795602332633,576.5425439006046,685.0191074459101,636.9788277440557
labeled-data,BelowKnee_Anterior,img023.png,635.2321239262747,363.4360570409605,635.517191693175,503.30970700588745,636.484781178911,631.0315191230409,635.5712388467228,677.0080547053024,701.4476542394411,363.2360361231964,704.6412775249526,519.2458072698005,681.8795602332633,575.7576570974429,685.0191074459101,643.2579221693493
labeled-data,BelowKnee_Anterior,img024.png,633.8991290753902,365.97342013302006,635.517191693175,510.0828334060395,636.484781178911,623.2908032371528,635.5712388467228,675.4382810989789,701.4476542394412,362.68792807547345,705.4261643281143,516.1062600571537,680.30978662694,581.2518647195748,682.6644470364249,645.6125825788343
labeled-data,BelowKnee_Anterior,img025.png,633.7164263928158,365.005830647284,635.517191693175,507.1800649488315,636.484781178911,623.2908032371528,634.7863520435612,675.4382810989789,698.3081070267945,361.7203385897375,702.2866171154674,512.9667128445069,680.30978662694,593.810053570162,688.1586546585568,653.4614506104514
labeled-data,BelowKnee_Anterior,img026.png,633.5337237102415,365.6080147678714,635.517191693175,507.1800649488315,634.549602207439,625.2259822086248,631.6468048309143,673.8685074926555,695.2226358870122,362.2684466374604,703.8563907217908,511.3969392381834,680.30978662694,594.5949403733237,689.7284282648802,662.8800922483917
labeled-data,BelowKnee_Anterior,img027.png,636.6191948500239,366.7583069361817,636.484781178911,505.24488597735944,633.582012721703,622.3232137514167,634.0014652403995,672.2987338863321,700.1146593885568,362.085743954886,702.2866171154674,508.2573920255366,683.0047209911195,609.89192897714,692.0830886743654,671.5138470831705
labeled-data,BelowKnee_Anterior,img028.png,636.4364921674494,367.5431937393432,633.582012721703,499.4393490629434,634.549602207439,619.4204452942088,634.0014652403995,667.5894130673619,699.1470699028207,363.05333344062205,702.6707564592115,504.0365494440832,681.5831516676185,624.080364938774,697.5772962964973,679.3627151147875
labeled-data,BelowKnee_Anterior,img029.png,637.5867843357598,364.0923172344123,633.582012721703,503.30970700588745,634.549602207439,614.5824978655287,633.2165784372378,668.3742998705236,699.1470699028207,363.0533334406221,699.7837524231601,502.31857155493736,677.1702394142932,640.9032617598641,699.9319567059824,687.9964699495661
labeled-data,BelowKnee_Anterior,img030.png,632.0925767136279,365.29668547558714,632.614423235967,503.30970700588745,633.582012721703,609.7445504368486,630.8619180277527,666.0196394610385,693.0506781601015,366.61236209128197,694.4377490838503,502.7631844034047,680.30978662694,651.2111290947391,694.4377490838505,695.8453379811831
labeled-data,BelowKnee_Anterior,img031.png,631.4903925930406,370.5541143422803,632.614423235967,507.1800649488315,631.6468337502309,612.6473188940566,630.8619180277527,659.7405450357448,692.0830886743654,368.547541062754,693.6528622806887,504.3329580097281,678.888217303439,653.8621980698689,686.5888810522335,693.490677571698
labeled-data,BelowKnee_Anterior,img032.png,630.8882084724531,372.1238879486037,632.614423235967,507.1800649488315,633.2165784372379,608.7229028302345,630.8619180277527,661.3103186420683,692.6852727949528,369.93461198650317,690.513315068042,509.04227882869833,674.9637832876305,655.4319716761923,678.7400130206165,678.5778283116257
labeled-data,BelowKnee_Anterior,img033.png,626.4697424817862,377.85487432617435,629.711654778759,508.14765443456747,634.7863520435612,604.7984688144259,630.077031224591,654.246337413613,694.4377490838506,372.47197507856254,688.1586546585568,511.3969392381834,674.6673747219857,656.2168584793541,673.2458053984845,671.5138470831704
labeled-data,BelowKnee_Anterior,img034.png,627.2005532120834,381.54252958654405,633.582012721703,510.0828334060395,634.7863520435612,594.5949403733238,628.5072576182675,657.3858846262598,690.5133150680421,375.6115222912093,685.8039942490717,512.9667128445069,673.7342836360015,663.0887700359375,673.2458053984845,684.0720359337577
labeled-data,BelowKnee_Anterior,img035.png,626.050261043773,380.62901617367254,630.679244264495,512.0180123775116,635.571238846723,596.1647139796472,626.9374840119442,653.4614506104513,687.3737678553953,377.1812958975327,680.3097866269399,514.5364864508302,668.0480063419976,669.3678644612311,659.9027297447357,702.9093192096384
labeled-data,BelowKnee_Anterior,img036.png,625.8675583611988,385.15563431006836,633.582012721703,521.6939072348716,635.571238846723,589.1007327511919,627.7223708151059,651.1067902009662,685.0191074459101,380.3208431101795,680.3097866269399,514.5364864508302,666.1818241700294,670.5368906081366,659.9027297447357,712.3279608475789
labeled-data,BelowKnee_Anterior,img037.png,628.4049214532581,383.22045533859637,625.841296835815,526.5318546635517,644.2049936815017,581.2518647195749,624.582823602459,644.0428089725109,689.7284282648803,380.3208431101795,677.9551262174548,513.7515996476685,666.8185066903686,669.3678644612311,659.9027297447357,711.5430740444172
labeled-data,BelowKnee_Anterior,img038.png,624.8999688754627,380.5003895639627,619.0681704356629,529.4346231207597,648.9143145004718,572.6181098847962,622.228163192974,642.4730353661876,689.7284282648803,380.3208431101795,677.9551262174548,513.7515996476685,665.5451416496901,665.9319086829394,658.3329561384122,710.7581872412554
labeled-data,BelowKnee_Anterior,img039.png,622.4371563202487,377.12406359587703,614.2302230069828,523.6290862063437,651.268974909957,571.8332230816345,619.8735027834889,640.9032617598641,684.1055940330386,374.2785274403247,677.9551262174548,514.5364864508302,662.9545461792834,663.1765008140366,655.1934089257654,708.4035268317704
labeled-data,BelowKnee_Anterior,img040.png,618.5667983773048,375.1888846244051,611.3274545497748,521.6939072348716,644.9898804846634,575.7576570974429,621.4432763898122,646.397469381996,685.0731835187746,373.31093795458867,675.6004658079696,519.2458072698005,664.4199808918339,657.5945624138053,654.4085221226037,706.0488664222853
labeled-data,BelowKnee_Anterior,img041.png,619.8997932281893,368.963866271976,603.5867386638868,513.9531913489836,639.4956728625315,589.1007327511919,610.4548611455484,652.6765638072895,682.664447036425,367.0859196021595,672.4609185953228,517.676033663477,661.2365682901376,655.3276327824195,655.1934089257654,700.5546588001534
labeled-data,BelowKnee_Anterior,img042.png,617.8900637198719,362.0285116532305,601.6515596924147,510.0828334060395,627.7223708151059,601.6589216017791,598.681559098123,667.5894130673619,681.696857550689,361.28038268774344,672.4609185953228,517.676033663477,660.4955468760253,651.9960158979009,652.8387485162802,698.98488519383
labeled-data,BelowKnee_Anterior,img043.png,614.331035069212,361.60903021521744,600.6839702066786,503.30970700588745,612.8095215550336,613.4322236492046,584.5535966412124,683.2871491305959,679.3421971412039,358.3776142305354,670.1062581858378,514.5364864508302,664.0192334324163,644.6960996085239,655.1934089257654,697.4151115875065
labeled-data,BelowKnee_Anterior,img044.png,613.911553631199,358.6521856851449,597.7812017494706,499.4393490629434,600.2513327044464,625.20552569663,580.6291626254039,688.7813567527278,680.8578946746629,361.28038268774344,671.6760317921611,509.82716563186,660.3912079822526,642.4896434818611,650.4840881067952,690.3511303590512
labeled-data,BelowKnee_Anterior,img045.png,612.3417800248756,357.2110386885314,595.8460227779987,494.60140163426337,587.6931438538593,634.6241673345705,570.4256341843018,696.6302247843448,680.4384132366498,360.3127932020074,671.6760317921611,508.2573920255366,661.5163687401086,639.8385745067313,652.0538617131186,692.7057907685364
labeled-data,BelowKnee_Anterior,img046.png,609.2563088850932,363.2533543583862,596.8136122637346,495.5689911199994,572.780294593787,649.5370165946429,564.1465397590082,691.9209039653747,678.374607655468,363.0328589766412,670.1062581858378,509.04227882869833,657.3559996633787,635.3651887486826,651.2689749099569,679.3627151147875
labeled-data,BelowKnee_Anterior,img047.png,605.9881350627367,363.07065167581186,593.9108438065266,496.53658060573537,564.1465397590082,660.5254318389066,557.0825585305529,687.9964699495661,674.815579004808,361.51716144318226,670.1062581858378,509.8271656318601,656.4667739664441,630.2717285859684,647.3445408941484,678.5778283116258
labeled-data,BelowKnee_Anterior,img048.png,600.8593328057534,368.69348590765367,590.0404858635825,498.4717595772074,555.5127849242294,661.3103186420683,558.6523321368763,677.0080547053024,669.6867767478248,371.79524042112973,669.321371382676,505.11784481288987,652.8387485162805,629.2342986062114,647.3445408941484,671.5138470831705
labeled-data,BelowKnee_Anterior,img049.png,598.6332990059781,368.56485929794377,586.1701279206385,500.4069385486794,557.0825585305529,664.4498658547152,556.2976717273912,684.0720359337577,671.7505823290065,372.8169059797303,664.6120505637058,505.9027316160516,652.6466788444085,623.4436824184347,647.5366105660204,668.3742998705236
labeled-data,BelowKnee_Anterior,img050.png,592.1174258252456,372.90877475176535,577.4618225490144,501.37452803441545,556.2976717273912,673.0836206894938,549.2336904989359,691.136017162213,663.5363089322409,376.3218585575257,663.0422769573825,509.0422788286984,648.3819708739055,621.3854305745944,648.1294276973101,669.1591866736853
labeled-data,BelowKnee_Anterior,img051.png,590.1281707809092,371.5757799008808,573.5914646060704,502.3421175201514,554.7278981210678,673.8685074926556,548.4488036957741,705.2639556662792,662.3860167639307,371.0644296908325,656.7631825320889,519.2458072698005,649.0625187832943,616.6322443665747,644.2049936815016,664.4498658547152
labeled-data,BelowKnee_Anterior,img052.png,585.4188499619389,372.61791992346207,568.7535171773903,505.24488597735944,552.3732377115828,674.6533942958172,540.5999356641572,703.6941820599559,655.9242196560627,374.7520849512023,653.623635319442,515.321373253992,647.0481323285038,610.1610802694091,642.6352200751783,658.1707714294216
labeled-data,BelowKnee_Anterior,img053.png,579.3224582192196,373.22010404404955,561.9803907772382,504.2772964916235,547.6639168926125,671.5138470831705,539.0301620578338,706.8337292726026,654.6657753420236,371.79524042112973,655.1934089257654,520.8155808761239,650.1876795411504,603.2014379347266,642.6352200751783,658.1707714294216
labeled-data,BelowKnee_Anterior,img054.png,574.6131374002495,363.85553847897353,563.9155697487103,506.2124754630955,553.1581245147444,671.5138470831705,538.2452752546722,713.1128236978963,652.5478936879772,363.58096702436404,659.1178429415739,526.3097884982558,652.202065995941,598.1957085501115,646.5596540909867,658.1707714294216
labeled-data,BelowKnee_Anterior,img055.png,573.8282505970876,362.52254362808895,558.1100328342942,503.30970700588745,553.9430113179061,665.2347526578768,540.5999356641572,704.4790688631176,648.6775357450331,361.8284907354664,657.5480693352505,528.664448907741,650.7804966724401,590.1381627309488,644.9898804846633,656.6009978230982
labeled-data,BelowKnee_Anterior,img056.png,569.5924872889951,360.29650982831373,561.0128012915022,506.2124754630955,555.5127849242294,655.0312242167747,538.2452752546722,702.1244084536324,644.8817283389344,358.5062408402453,654.4085221226037,526.3097884982558,647.0042669394539,587.6352980386413,641.8503332720165,654.246337413613
labeled-data,BelowKnee_Anterior,img057.png,565.8507559557609,361.8662834346371,561.0128012915022,506.2124754630955,551.588350908421,654.246337413613,539.0301620578338,696.6302008315006,645.4839124595217,355.78617506561164,655.1934089257654,522.3853544824473,642.1467418376614,592.7287582013555,640.2805596656931,662.09520544523
labeled-data,BelowKnee_Anterior,img058.png,564.3350584223018,360.53328858375244,560.0452118057663,498.4717595772074,552.3732377115826,643.2579221693493,536.6755016483487,695.8453140283389,644.5163229737858,358.0326833293678,652.8387485162802,514.5364864508304,635.5712388467228,598.8596483438266,642.6352200751783,675.4382810989789
labeled-data,BelowKnee_Anterior,img059.png,561.6149926476683,359.6943257077263,553.2720854056142,501.37452803441545,553.9430113179061,643.2579221693493,539.0301620578338,689.5662196030453,644.7531017292246,359.00027281510376,651.2689749099569,512.1818260413452,630.8619180277527,610.9732243459467,647.3445408941484,679.3627151147875
labeled-data,BelowKnee_Anterior,img060.png,562.7112087431141,362.5970941649343,555.2072643770862,503.30970700588745,553.9430113179061,638.548601350379,538.2452752546722,684.856898784075,643.4201068783399,357.5591258184902,649.6992013036335,508.25739202553666,629.1878055276563,625.9904124997918,639.4956728625314,691.136017162213
labeled-data,BelowKnee_Anterior,img061.png,563.3133928637016,355.6412650822079,557.1424433485582,503.30970700588745,553.9430113179061,632.2695069250854,538.2452752546722,681.7173515714283,639.73245161797,353.4519891201074,644.2049936815016,504.33295800972815,625.9000540321871,643.8946046896885,640.2805596656931,704.4790928159618
labeled-data,BelowKnee_Anterior,img062.png,558.8408508001701,357.44781744397017,554.2396748913502,509.11524392030356,552.3732377115826,633.0543937282471,535.1057280420252,679.3626911619431,634.2923200687028,353.68876787554615,634.7863520435612,506.6876184192133,626.1525972087825,659.7405450357448,641.0654464688548,711.5430740444172
labeled-data,BelowKnee_Anterior,img063.png,559.7543642130416,359.9851805360296,553.2720854056142,507.1800649488315,551.588350908421,635.4090541377323,536.6755016483487,676.2231439492964,637.925899256208,354.4195786058434,634.0014652403995,509.0422788286984,624.582823602459,669.1591866736853,636.3561256498846,708.4035268317705
labeled-data,BelowKnee_Anterior,img064.png,554.551011419213,362.5766197009534,552.3044959198781,508.14765443456747,553.1581245147444,622.850865287145,535.890614845187,675.4382571461347,635.5712388467228,358.3440126216519,632.4316916340761,512.1818260413452,625.7079843603152,672.2987338863321,634.0014652403995,695.0604511780215
labeled-data,BelowKnee_Anterior,img065.png,554.2601565909098,368.38215661536947,550.3693169484061,511.0504228917755,551.588350908421,617.3566576650131,537.4603884515104,672.2987099334878,631.6468048309143,363.0533334406221,630.077031224591,518.4609204666388,619.2806856521993,672.2987338863321,630.8619180277527,682.5022623274342
labeled-data,BelowKnee_Anterior,img066.png,555.2277460766458,376.6709805489805,552.3044959198781,521.6939072348716,553.9430113179061,615.7868840586897,535.1057280420252,666.8045023113559,630.077031224591,370.1173146690774,626.1525972087825,518.4609204666388,617.1785684193094,682.249719150839,627.7223708151059,691.9209039653747
labeled-data,BelowKnee_Anterior,img067.png,555.2277460766458,382.1651881711124,552.3044959198781,526.5318546635517,550.8034641052593,604.7984688144259,535.890614845187,666.8045023113559,628.5072576182675,369.33242786591575,626.1525972087825,525.5249016950941,616.2893427223747,688.484948187083,618.3037291771656,713.8977344539023
labeled-data,BelowKnee_Anterior,img068.png,558.1845906067182,377.90895039903876,552.3044959198781,533.3049810637037,549.2336904989359,599.304261192294,531.9661808293785,659.7405210829006,627.7223708151059,370.90220147223914,628.5072576182675,523.9551280887707,619.4727553240712,684.9007881259689,,
labeled-data,BelowKnee_Anterior,img069.png,564.6463877145861,378.8224638119103,556.1748538628221,535.2401600351758,557.8674453337146,589.1007327511918,537.4603884515104,653.461426657607,635.5712388467228,370.90220147223914,629.2921444214293,521.6004676792857,619.0886159803272,677.7929415084641,,
labeled-data,BelowKnee_Anterior,img070.png,564.8290903971604,374.6612510406631,550.3693169484061,530.4022126064958,564.9314265621699,583.60652512906,535.890614845187,648.7521058386368,635.5712388467228,370.90220147223914,630.8619180277528,518.4609204666388,618.3037291771655,676.2231679021406,,
labeled-data,BelowKnee_Anterior,img071.png,566.5815666860582,374.6612510406631,548.4341379769342,531.3698020922318,572.780294593787,585.9611855385451,535.890614845187,651.1067662481219,636.3561256498846,371.6870882754008,626.1525972087826,521.6004676792857,622.228163192974,673.0836206894938,,
labeled-data,BelowKnee_Anterior,img072.png,562.5825821334043,367.65134588507226,545.5313695197261,521.6939072348716,571.9954077906252,590.6705063575153,535.890614845187,658.1707474765772,635.5712388467228,370.1173146690774,626.9374840119443,523.170241285609,619.0886159803272,671.5138470831705,619.0886159803273,713.8977344539023
labeled-data,BelowKnee_Anterior,img073.png,564.6463877145861,361.2436248500688,545.5313695197261,516.8559598061915,570.4256341843018,598.5193743891323,537.4603884515104,669.9440495240027,634.7863520435612,363.8922963166482,626.9374840119443,522.3853544824474,619.0886159803272,666.8045262642001,618.3037291771656,709.9733004380938
labeled-data,BelowKnee_Anterior,img074.png,562.8939114256884,364.40364652669655,547.4665484911981,506.2124754630955,569.64074738114,612.6473368460429,535.1057280420252,678.5778043587813,634.7863520435612,366.9777674564306,632.4316916340762,523.170241285609,617.5188423740037,658.9556582325832,617.5188423740038,706.833753225447
labeled-data,BelowKnee_Anterior,img075.png,564.9372425428893,361.1559471683208,553.2720854056142,494.60140163426337,562.5767661526847,624.4206388934684,536.6755016483487,691.1359932093686,633.2165784372378,366.9777674564306,632.4316916340762,526.3097884982558,619.0886159803272,653.4614506104513,618.3037291771656,698.98488519383
labeled-data,BelowKnee_Anterior,img076.png,567.6032322446587,359.2207681968488,555.2072643770862,489.76345420558334,553.1581245147444,645.6125825788343,533.5359544357019,700.554634847309,632.4316916340761,365.40799385010723,633.2165784372379,521.6004676792857,617.5188423740037,650.3219033978046,619.0886159803273,694.2755643748598
labeled-data,BelowKnee_Anterior,img077.png,566.2161613209096,362.5430180920699,557.1424433485582,487.8282752341113,550.8034641052593,658.1707714294215,535.890614845187,704.4790688631176,634.0014652403995,365.40799385010723,632.4316916340762,523.9551280887707,617.5188423740037,645.6125825788342,619.0886159803273,687.2115831464045
labeled-data,BelowKnee_Anterior,img078.png,564.8290903971604,367.1777883741947,558.1100328342942,495.5689911199994,549.2336904989359,666.8045262642003,535.890614845187,698.1999744378239,634.0014652403995,365.40799385010723,630.0770312245911,522.3853544824474,617.5188423740037,640.1183749567024,619.8735027834889,682.5022623274342
labeled-data,BelowKnee_Anterior,img079.png,567.0010481240713,368.0372257142018,564.8831592344463,496.53658060573537,547.6639168926125,674.6533942958172,544.5243696799657,691.9208800125303,634.7863520435612,373.2568618817242,632.4316916340762,518.4609204666388,617.5188423740037,636.9788277440556,620.6583895866506,682.5022623274342
labeled-data,BelowKnee_Anterior,img080.png,570.688703384441,374.44494674920526,564.8831592344463,499.4393490629434,554.7278981210678,673.8685074926556,556.2976717273912,687.9964459967218,634.7863520435612,374.04174868488593,634.7863520435612,521.6004676792857,618.7922074146824,633.7954151423593,619.8735027834889,683.2871491305959
labeled-data,BelowKnee_Anterior,img081.png,571.9676221624611,374.8644281872183,568.7535171773903,502.3421175201514,555.5127849242294,674.6533942958172,559.4372189400381,690.351106406207,638.7107860593696,375.6115222912093,637.1410124530464,526.3097884982558,619.9173681725385,629.8271157375012,622.2281631929741,673.0836206894938
labeled-data,BelowKnee_Anterior,img082.png,570.6887033844409,380.30455973648577,570.6886961488624,510.0828334060395,564.6946478067312,680.2016779908137,564.1465397590082,702.909295256794,637.925899256208,380.3208431101795,636.3561256498847,524.7400148919324,621.9317546273292,623.9321606559515,622.2281631929741,667.5894130673619
labeled-data,BelowKnee_Anterior,img083.png,569.9038165812793,380.54133849192453,569.7211066631263,513.9531913489836,566.866605533642,676.1486173652952,563.3616529558465,710.758163288411,641.0654464688548,381.8906167165029,636.3561256498847,523.9551280887707,622.0454605103997,612.4999762577378,626.1525972087826,658.9556582325832
labeled-data,BelowKnee_Anterior,img084.png,571.6562856345984,371.7175369457901,571.6562856345984,513.9531913489836,566.866605533642,679.2340885050776,563.4755849273997,715.1608812477036,643.6028095609141,369.14081037100897,645.5043869235026,529.1978623173072,626.5180025739312,606.3944967105547,625.6029428829078,663.3389475908562
labeled-data,BelowKnee_Anterior,img085.png,568.7535171773903,367.847179002846,563.9155697487103,512.9856018632476,567.4687896542293,673.7398808829457,560.3360377147528,715.1608812477034,644.4417724369405,364.04560972290926,650.0655034596506,531.7752775464602,631.7754314406243,598.3629259963632,625.6029428829079,660.436179133648
labeled-data,BelowKnee_Anterior,img086.png,566.8183382059183,364.944410545638,563.9155697487103,515.8883703204556,568.8558605779784,677.7929415084641,,,648.1835037701746,363.0780202371733,650.57355937028,536.3168164094953,636.011194748717,598.2342993866534,627.5381218543797,664.306537076592
labeled-data,BelowKnee_Anterior,img087.png,561.0128012915022,367.847179002846,557.1424433485581,522.6614967206076,569.2753420159914,669.3959654291241,562.5767661526847,713.8977105010579,639.4956728625314,369.33242786591575,655.1934089257655,534.1586565298728,637.4812864077409,595.5718968483575,630.8619180277528,658.9556582325832
labeled-data,BelowKnee_Anterior,img088.png,561.0128012915022,363.97682105990197,561.9803907772382,515.8883703204556,571.2105209874635,665.2347526578768,562.5767661526847,717.0372577137047,640.2805596656931,368.547541062754,654.4085221226038,536.513316939358,634.7863520435612,596.9496007828088,636.3561256498847,666.8045262642003
labeled-data,BelowKnee_Anterior,img089.png,564.8831592344463,365.91200003137396,566.8183382059183,510.0828334060395,575.134955003272,660.5254318389066,563.3616529558465,711.5430500915728,641.8503332720165,364.6231070469455,659.117842941574,536.513316939358,634.0014652403995,597.7344875859706,641.0654464688549,669.1591866736853
labeled-data,BelowKnee_Anterior,img090.png,563.9155697487103,361.07405260269394,563.9155697487103,508.14765443456747,571.2105209874635,653.4614506104513,563.3616529558465,711.5430500915728,640.2805596656931,362.26844663746044,657.5480693352506,527.0946753014175,631.4986005480922,609.5516550224457,644.2049936815017,679.3627151147875
labeled-data,BelowKnee_Anterior,img091.png,566.8183382059183,360.1064631169579,565.8507487201823,510.0828334060395,573.5651813969486,651.1067902009662,562.5767661526847,709.1883896820877,640.2805596656931,359.9137862279753,655.9782957289272,522.3853544824474,630.7137137449304,626.4184172325853,646.5596540909868,695.8453379811831
labeled-data,BelowKnee_Anterior,img092.png,562.9479802629743,357.2036946597499,567.7859276916543,512.0180123775116,575.134955003272,641.6881485630258,565.7163133653315,698.1999744378239,641.0654464688548,355.9893522121668,652.8387485162805,517.6760336634771,629.1439401386069,638.8888753050734,646.5596540909868,700.5546588001534
labeled-data,BelowKnee_Anterior,img093.png,565.8507487201823,361.074052602694,569.7211066631263,509.11524392030356,575.9198418064337,640.1183749567024,563.3616529558465,695.8453140283389,641.0654464688548,353.6346918026817,656.7631825320889,512.1818260413452,630.7137137449303,657.1333414496645,653.6236353194421,709.1884136349321
labeled-data,BelowKnee_Anterior,img094.png,565.8507487201823,362.0416420884299,571.6562856345984,510.0828334060395,574.3500682001103,633.8392805314088,563.3616529558465,691.9208800125302,641.0654464688548,352.0649181963583,652.0538617131187,512.9667128445069,635.1266259982556,673.3195557504152,654.4085221226038,709.9733004380938
labeled-data,BelowKnee_Anterior,img095.png,565.8507487201823,365.9120000313741,570.6886961488623,512.0180123775116,575.134955003272,627.5601861061152,564.9314265621699,687.9964459967217,641.8503332720165,352.0649181963583,648.9143145004718,518.4609204666388,638.3705121046753,676.0749636193182,658.3329561384123,704.4790928159618
labeled-data,BelowKnee_Anterior,img096.png,568.7535171773903,367.84717900284596,571.6562856345984,509.11524392030356,576.7047286095953,622.0659784839834,569.64074738114,683.2871251777515,641.8503332720165,357.5591258184902,648.9143145004718,518.4609204666388,643.0798329236455,675.7785550536732,656.7631825320889,685.6418095400811
labeled-data,BelowKnee_Anterior,img097.png,567.7859276916543,371.7175369457901,572.6238751203343,519.7587282633997,575.9198418064337,622.0659784839834,568.8558605779784,674.6533703429728,643.4201068783399,368.547541062754,652.0538617131187,522.3853544824474,641.614398211095,676.563441856835,659.9027297447357,684.0720359337577
labeled-data,BelowKnee_Anterior,img098.png,571.6562856345984,374.6203054029981,574.5590540918064,523.6290862063437,577.4896154127571,615.7868840586897,567.286086971655,672.2987099334878,643.4201068783399,371.6870882754008,652.0538617131187,521.6004676792857,642.2510807314343,686.0259488838249,656.7631825320889,703.6942060128001
labeled-data,BelowKnee_Anterior,img099.png,570.6886961488624,379.4582528316781,575.5266435775424,527.4994441492877,578.2745022159188,607.1531292239109,567.286086971655,671.513823130326,644.2049936815016,374.04174868488593,648.9143145004718,520.0306940729622,641.7459943782436,690.7791350918446,652.0538617131187,716.2523948633874
labeled-data,BelowKnee_Anterior,img100.png,577.4618225490145,379.4582528316781,577.4618225490144,531.3698020922318,578.2745022159188,602.4438084049407,568.0709737748167,669.9440495240026,644.2049936815016,373.2568618817242,648.9143145004718,523.170241285609,642.0424029438885,699.753163881318,,
labeled-data,BelowKnee_Anterior,img101.png,573.5914646060704,376.5554843744701,570.6886961488623,540.0781074638558,581.4140494285656,595.3798271764854,567.286086971655,666.8045023113558,646.5596540909867,373.2568618817242,645.7747672878252,529.4493357109027,638.0741035390305,690.5432000309231,,
labeled-data,BelowKnee_Anterior,img102.png,576.4942330632783,375.5878948887341,568.7535171773903,537.1753390066478,588.4780306570209,586.7460723417066,566.5012001684933,666.0196155081942,646.5596540909867,373.2568618817242,648.1294276973102,523.9551280887707,638.7107860593698,692.8373869356849,,
labeled-data,BelowKnee_Anterior,img103.png,572.6238751203343,370.749947460054,565.8507487201823,539.1105179781198,590.0478042633443,592.2402799638386,560.2221057431997,659.7405210829005,650.4840881067952,371.6870882754008,652.0538617131186,531.8039961203876,639.4956728625315,680.9763541101604,,
labeled-data,BelowKnee_Anterior,img104.png,578.4294120347504,367.84717900284596,565.8507487201823,531.3698020922318,591.6175778696677,598.5193743891323,556.2976717273912,667.5893891145175,652.8387485162802,368.547541062754,651.268974909957,531.0191093172259,637.4374210186912,673.9123728817052,,
labeled-data,BelowKnee_Anterior,img105.png,578.4294120347505,363.00923157416594,563.9155697487103,529.4346231207597,586.9082570506976,604.0135820112641,558.6523321368763,677.7929175556196,652.8387485162802,363.70959363407394,651.2689749099569,529.4493357109026,637.925899256208,671.1130996237525,,
labeled-data,BelowKnee_Anterior,img106.png,578.4294120347504,361.0740526026939,566.8183382059183,517.8235492919276,585.3384834443741,622.0659784839833,557.8674453337146,694.2755404220154,650.0646066687822,362.7420041483379,651.81708295768,522.1281012630275,637.4812864077409,667.1886656079441,644.2049936815017,714.682621257064
labeled-data,BelowKnee_Anterior,img107.png,578.4294120347505,360.1064631169579,575.5266435775424,509.11524392030356,582.1989362317273,639.3334881535407,562.5767661526847,707.6186160757643,656.5264037766501,362.87063075804787,653.9890406845908,519.9561435361168,635.571238846723,662.09520544523,645.7747672878251,716.2523948633874
labeled-data,BelowKnee_Anterior,img108.png,580.3645910062224,363.976821059902,574.5590540918064,505.24488597735944,579.8442758222423,654.246337413613,561.791879349523,716.252370910543,659.2464695512837,362.5052253928992,653.0214511988546,522.8589119933247,639.0510600140641,655.7117721261635,643.42010687834,709.1884136349321
labeled-data,BelowKnee_Anterior,img109.png,580.3645910062223,357.2036946597499,578.4294120347504,506.2124754630955,581.4140494285656,666.0196394610384,,,659.2464695512838,354.4983414752591,654.2360832201954,520.772220760391,639.3670462528216,652.8314447068047,643.987143111892,703.0101165060323
labeled-data,BelowKnee_Anterior,img110.png,580.3645910062224,363.97682105990197,586.1701279206385,510.0828334060395,577.4896154127571,675.4382810989789,567.286086971655,713.8977105010579,662.9341248116534,367.9994330150311,653.2582299542934,521.3432144598659,639.539538251581,648.2636515539643,641.8503332720165,698.1999983906683
labeled-data,BelowKnee_Anterior,img111.png,582.2997699776945,366.87958951711,590.0404858635825,506.2124754630955,579.0593890190805,680.9324887211108,578.2745022159188,711.5430500915728,663.5363089322409,364.9139618752488,651.6884563479699,518.9885540503807,638.5625817765473,644.0428089725109,642.6352200751783,692.7057907685363
labeled-data,BelowKnee_Anterior,img112.png,585.2025384349025,376.5554843744701,587.1377174063745,510.0828334060395,582.1989362317274,684.8569227369194,586.9082570506974,708.403502878926,657.5480693352505,374.8266354880476,652.6560458337059,525.0308697202357,637.1410124530463,639.3334881535407,642.6352200751783,691.136017162213
labeled-data,BelowKnee_Anterior,img113.png,585.2025384349025,380.42584231741415,589.0728963778465,515.8883703204556,590.8326910665061,691.136017162213,591.6175778696677,712.3279368947345,658.3329561384122,375.6115222912093,655.1934089257654,531.019109317226,637.1410124530463,635.3651887486826,641.8503332720165,680.9324887211108
labeled-data,BelowKnee_Anterior,img114.png,582.2997699776944,376.5554843744701,588.1053068921105,519.7587282633997,595.5420118854761,695.8453379811831,,,660.9989458401815,375.23720211372824,655.935327130746,524.848340029793,639.7324516179701,627.9518457610691,643.0195536261558,681.7231478198402
labeled-data,BelowKnee_Anterior,img115.png,584.2349489491666,370.7499474600541,588.1053068921105,523.6290862063437,590.832691066506,695.0604511780214,,,657.493993262386,371.4209202436487,659.1971035212438,529.4392980192192,641.4308518340033,621.1246432880525,643.9871431118919,673.0148424482161
labeled-data,BelowKnee_Anterior,img116.png,582.2997699776945,370.74994746005405,585.2025384349024,515.8883703204556,592.639243428268,693.910159009711,,,654.8280035606168,371.0014388056356,661.3596942588567,534.7619104334602,641.8503332720165,614.4801434976102,640.1167851689479,672.0472529624801
labeled-data,BelowKnee_Anterior,img117.png,578.4294120347505,376.55548437447004,581.3321804919584,524.5966756920797,593.187351475991,687.2115831464045,,,663.4617583953955,371.71177507195205,665.7632395228843,538.621213998072,646.0860965801091,608.2551251451812,640.1167851689479,673.9824319339521
labeled-data,BelowKnee_Anterior,img118.png,574.5590540918064,367.8471790028459,581.3321804919584,526.5318546635517,594.2090170345914,677.6102388258897,,,660.5589899381874,366.1430169129747,665.8863123952527,543.2036486927178,648.6234596721687,599.4386676278282,643.0195536261558,665.274126562328
labeled-data,BelowKnee_Anterior,img119.png,575.5266435775424,363.00923157416594,588.1053068921105,519.7587282633997,596.3268986886378,668.3742998705236,,,654.5707503411971,362.50943772546947,673.1040516438721,540.098599879823,652.5478936879771,595.3856070023098,646.8899115690999,662.37135810512
labeled-data,BelowKnee_Anterior,img120.png,576.4942330632784,358.1712841454859,586.1701279206385,512.9856018632476,595.5420118854761,664.4498658547152,593.2136057657963,715.3640583942588,655.3556371443588,357.43471154135057,671.2229487452646,536.228241936879,651.8711590305445,596.1704938054714,650.760269512044,665.274126562328
labeled-data,BelowKnee_Anterior,img121.png,573.5914646060703,356.23610517401386,589.0728963778465,512.0180123775116,597.8966722949613,657.3858846262599,595.5420118854762,717.0372577137048,660.2140590370198,352.22714641495173,669.321371382676,538.0830905456813,650.4840881067952,604.0135820112641,656.7631825320889,679.3627151147875
labeled-data,BelowKnee_Anterior,img122.png,578.4294120347505,361.07405260269394,588.1053068921105,516.8559598061915,599.4664459012847,655.8161110199364,596.3268986886379,709.9732764852495,661.1816485227558,354.7104334341467,672.4609185953228,525.5249016950941,649.6992013036336,612.6473368460429,660.6876165478974,687.2115831464045
labeled-data,BelowKnee_Anterior,img123.png,574.5590540918063,361.0740526026939,585.2025384349024,512.9856018632476,599.4664459012847,645.6125825788342,597.1117854917995,704.4790688631175,656.8918091417987,353.8714705581205,670.8911449889995,520.0306940729622,651.2689749099569,625.9904124997918,661.4725033510591,696.6302247843448
labeled-data,BelowKnee_Anterior,img124.png,579.3970015204865,360.1064631169579,588.1053068921105,512.0180123775116,598.681559098123,640.9032617598641,595.5420118854762,698.1999744378239,656.106922338637,352.66710231694566,667.7515977763526,516.1062600571537,652.586205339685,645.3161740131894,666.1818241700294,708.4035268317704
labeled-data,BelowKnee_Anterior,img125.png,575.5266435775424,362.0416420884299,591.0080753493185,517.8235492919276,600.2513327044463,636.9788277440556,595.5420118854762,696.6302008315005,655.8701435831983,352.84980499952,666.9667109731909,514.5364864508304,650.9725663443121,664.0052530062478,,
labeled-data,BelowKnee_Anterior,img126.png,578.4294120347505,361.07405260269394,590.0404858635825,515.8883703204556,601.036219507608,631.4846201219236,597.1117854917995,690.3511064062069,656.0528462657725,352.0649181963583,661.472503351059,517.676033663477,652.2897967740403,673.1274860785434,,
labeled-data,BelowKnee_Anterior,img127.png,578.4294120347505,364.944410545638,591.9756648350545,515.8883703204556,601.8211063107698,626.7752993029535,597.1117854917995,687.9964459967218,659.3750961609935,355.75257345672804,657.5480693352505,523.9551280887707,652.3502702787634,677.8972804022368,663.0422769573825,703.6942060128001
labeled-data,BelowKnee_Anterior,img128.png,582.2997699776944,367.847179002846,591.0080753493185,521.6939072348716,601.8211063107698,620.4962048776599,597.1117854917995,680.9324647682665,660.7080910118783,362.9247068309121,660.6876165478973,525.5249016950941,649.2107230661168,679.6591236804322,660.6876165478974,695.8453379811831
labeled-data,BelowKnee_Anterior,img129.png,579.3970015204865,373.652715917262,593.9108438065266,523.6290862063437,602.6059931139314,613.4322236492046,598.681559098123,673.8684835398112,653.7522619291519,368.3648383801796,659.1178429415739,526.3097884982558,645.8186326768746,682.6943319993061,658.3329561384123,695.0604511780215
labeled-data,BelowKnee_Anterior,img130.png,582.2997699776945,376.5554843744701,593.9108438065266,526.5318546635517,603.3908799170931,611.8624500428812,597.8966722949613,674.653370342973,648.9143145004718,373.2568618817241,655.9782957289272,534.1586565298728,646.8560626566316,692.5575864857138,,
labeled-data,BelowKnee_Anterior,img131.png,584.2349489491664,378.49066334594215,597.7812017494706,528.4670336350237,604.9606535234166,604.0135820112641,597.8966722949613,673.8684835398112,648.1294276973101,374.0417486848858,650.4840881067952,531.019109317226,643.2280372064679,689.2259696011952,,
labeled-data,BelowKnee_Anterior,img132.png,586.1701279206386,381.3934318031501,597.7812017494706,540.0781074638558,605.0892801331265,597.5034647035118,599.4386241182253,666.0710706945866,654.043116757455,369.0121837612991,652.7650947703032,519.7841037143228,644.9547325976279,684.6259162770482,,
labeled-data,BelowKnee_Anterior,img133.png,591.0080753493186,379.4582528316781,591.9756648350545,542.9808759210639,614.0679658690729,586.3806669765581,594.7571250823145,658.9556342797389,657.5480693352505,374.8266354880475,652.0538617131186,528.6644489077408,644.5014022471465,683.3914880243688,,
labeled-data,BelowKnee_Anterior,img134.png,591.0080753493186,372.6851264315261,591.0080753493185,544.9160548925358,619.8735027834889,587.5309591448685,588.4780306570209,654.2463134607686,662.2573901542207,370.1173146690773,650.4840881067952,527.8795621045791,641.3179896454502,676.3275067959135,,
labeled-data,BelowKnee_Anterior,img135.png,587.1377174063745,368.8147684885821,582.2997699776945,530.4022126064958,620.6583895866506,592.2402799638387,587.6931438538592,660.5254078860623,662.2573901542207,369.3324278659156,652.8387485162802,528.6644489077408,641.5539247063716,669.8563426987479,,
labeled-data,BelowKnee_Anterior,img136.png,586.1701279206385,363.009231574166,580.3645910062224,525.5642651778157,616.7339555708421,600.0891479954557,586.9082570506974,667.5893891145176,659.3005456241483,363.7095936340738,650.4840881067952,527.0946753014175,642.6352200751783,666.7167954861011,648.1294276973101,713.8977344539023
labeled-data,BelowKnee_Anterior,img137.png,586.1701279206385,359.13887363122194,578.4294120347504,510.0828334060395,607.3153139329016,609.5077896333961,582.9838230348889,684.8568987840749,654.8280035606168,358.086759402232,650.4840881067952,529.4493357109027,642.2949461204838,663.3247050968588,648.9143145004718,714.6826212570642
labeled-data,BelowKnee_Anterior,img138.png,586.1701279206385,354.3009262025419,578.4294120347504,499.4393490629434,600.2513327044463,623.6357520903067,571.2105209874635,695.0604272251771,655.9782957289274,358.8716462053938,655.3220355354753,522.3853544824474,642.9754940298726,655.667906737114,647.3445408941485,709.1884136349323
labeled-data,BelowKnee_Anterior,img139.png,582.2997699776944,353.3333367168059,575.5266435775424,498.4717595772075,591.6175778696677,637.7637145472173,565.7163133653315,706.8337292726026,657.9675507732635,357.667277964219,650.4840881067952,523.9551280887707,640.2805596656931,650.7226508572223,646.5596540909868,703.6942060128004
labeled-data,BelowKnee_Anterior,img140.png,586.1701279206385,356.2361051740139,580.3645910062224,501.3745280344155,586.9082570506974,655.8161110199364,562.5767661526847,704.4790688631175,656.7631825320889,357.84998064679337,651.2689749099569,523.9551280887707,640.0884899938212,641.940691739621,644.2049936815017,696.630224784345
labeled-data,BelowKnee_Anterior,img141.png,587.1377174063745,359.1388736312219,583.2673594634305,498.4717595772075,575.9198418064337,671.5138470831704,563.3616529558465,709.1883896820877,664.1384930528283,360.6241224942915,651.2689749099569,523.9551280887707,640.4287639485156,640.0306441786031,652.0538617131187,691.9209039653748
labeled-data,BelowKnee_Anterior,img142.png,580.3645910062226,363.9768210599019,577.4618225490144,496.53658060573554,571.2105209874635,671.5138470831704,560.2221057431997,695.0604272251771,658.5156588209865,367.2145462118693,655.1934089257654,524.7400148919324,643.0798329236455,631.9897064751143,647.3445408941485,684.0720359337578
labeled-data,BelowKnee_Anterior,img143.png,584.2349489491664,364.94441054563805,581.3321804919584,502.3421175201516,568.8558605779784,675.4382810989789,562.5767661526847,686.4266723903984,658.3329561384122,370.1173146690773,656.7631825320889,523.9551280887707,642.8877632517735,629.6789114546788,645.7747672878251,680.9324887211111
labeled-data,BelowKnee_Anterior,img144.png,578.4294120347503,373.6527159172621,578.4294120347504,502.3421175201516,569.6407473811402,677.0080547053024,567.286086971655,687.2115591935601,654.4085221226037,377.96618270069433,655.1934089257654,523.9551280887707,641.998537554839,627.1321813733216,647.3445408941485,673.8685074926558
labeled-data,BelowKnee_Anterior,img145.png,576.4942330632784,376.55548437447015,576.4942330632783,508.14765443456764,571.2105209874635,677.792941508464,568.0709737748166,697.4150876346622,653.623635319442,382.6755035196645,654.4085221226037,524.7400148919324,641.998537554839,620.6610172761559,647.3445408941485,670.7289602800089
labeled-data,BelowKnee_Anterior,img146.png,574.5590540918064,377.5230738602062,572.6238751203343,510.08283340603964,572.7802945937868,684.0720359337577,560.2221057431997,707.6186160757643,644.0763670717918,374.1499008306147,654.4085221226037,524.7400148919324,642.4431504033063,613.9373100023952,644.2049936815017,664.4498658547153
labeled-data,BelowKnee_Anterior,img147.png,570.6886961488624,375.5878948887342,569.7211066631263,509.1152439203036,568.8558605779783,676.2231679021406,557.8674453337146,715.4674841073813,644.4417724369405,376.26778248466104,652.8387485162802,526.3097884982558,641.3179896454502,604.4143294706818,644.9898804846634,661.3103186420685
labeled-data,BelowKnee_Anterior,img148.png,564.8831592344462,372.6851264315261,564.8831592344462,509.1152439203036,572.7802945937868,674.6533942958172,556.7024585272477,711.4191499144692,648.9683905733364,365.6899338660781,657.3858411166572,522.1338810888518,643.8395883163531,596.6645257803301,647.857501054836,661.403768619384
labeled-data,BelowKnee_Anterior,img149.png,560.0452118057661,364.944410545638,557.1424433485581,510.08283340603964,571.2105209874635,672.2987338863321,555.4980902860727,712.3867394002052,642.2493402460487,361.4541705579855,655.293090873065,527.4471265137952,643.839588316353,592.7941678373861,644.954732597628,656.5658211907039
labeled-data,BelowKnee_Anterior,img150.png,554.2396748913502,367.8471790028461,557.1424433485581,512.0180123775116,577.4896154127571,670.7289602800088,559.437218940038,712.3279368947345,639.441596789667,368.6016171356183,655.9782957289272,530.2342225140643,643.42010687834,592.2402799638387,642.6352200751783,654.2463374136132
labeled-data,BelowKnee_Anterior,img151.png,556.1748538628221,363.97682105990197,558.1100328342942,510.08283340603964,575.1349550032719,666.0196394610385,557.8674453337146,710.7581632884111,635.7539415292972,362.9247068309122,652.0538617131186,530.2342225140643,638.7107860593698,596.9496007828088,643.42010687834,655.0312242167747
labeled-data,BelowKnee_Anterior,img152.png,558.1100328342941,363.009231574166,557.1424433485581,513.9531913489836,575.1349550032719,658.9556582325832,554.7278981210677,706.8337292726026,633.5819838023864,359.60245693569107,646.5596540909868,524.7400148919324,632.4316916340762,599.304261192294,637.1410124530464,663.6649790515535
labeled-data,BelowKnee_Anterior,img153.png,549.40172746267,360.10646311695797,557.1424433485581,509.1152439203036,574.3500682001102,656.6009978230982,557.8674453337146,704.4790688631175,633.4738316566576,356.28020704047,644.9898804846633,525.5249016950941,626.1525972087825,605.5833556175876,635.571238846723,677.7929415084641
labeled-data,BelowKnee_Anterior,img154.png,545.5313695197261,359.13887363122194,553.2720854056141,511.05042289177567,574.3500682001102,651.1067902009662,559.437218940038,699.7697480441473,631.904058050334,352.9038810723844,638.7107860593698,522.3853544824473,621.4432763898124,615.7868840586896,630.8619180277528,681.7173755242725
labeled-data,BelowKnee_Anterior,img155.png,544.56378003399,357.20369465974994,553.2720854056141,503.30970700588756,574.3500682001102,646.397469381996,558.6523321368762,690.3511064062069,620.6583895866506,350.49514459003484,634.7863520435612,516.1062600571536,613.5944083581953,630.6997333187619,623.7979367992975,692.7057907685364
labeled-data,BelowKnee_Anterior,img156.png,542.628601062518,357.20369465974994,549.4017274626701,508.14765443456764,573.5651813969486,645.6125825788342,557.8674453337146,693.4906536188537,620.6583895866506,351.2800313931965,625.3677104056208,518.4609204666388,611.2397479487103,654.246337413613,624.5828236024591,709.1884136349321
labeled-data,BelowKnee_Anterior,img157.png,547.4665484911982,361.07405260269394,547.4665484911981,508.14765443456764,573.5651813969486,642.4730353661876,558.6523321368762,684.8568987840749,621.4432763898122,356.7742390153284,620.6583895866506,517.676033663477,608.1002007360635,658.1707714294214,626.9374840119442,710.7581872412554
labeled-data,BelowKnee_Anterior,img158.png,541.661011576782,363.9768210599021,552.304495919878,511.05042289177567,571.9954077906251,636.1939409408939,555.5127849242294,681.7173515714283,614.6160739167957,358.94619674223924,615.9490687676804,516.8911468603153,601.2887626842034,666.5081176985552,621.4432763898124,711.5430740444172
labeled-data,BelowKnee_Anterior,img159.png,543.5961905482541,366.87958951711,548.434137976934,505.2448859773596,572.7802945937868,632.2695069250854,561.0069925463613,679.3626911619431,611.4765267041489,362.085743954886,612.8095215550336,517.676033663477,601.8211063107698,665.2347526578767,603.3908799170932,693.4906775716981
labeled-data,BelowKnee_Anterior,img160.png,545.5313695197261,370.74994746005405,548.434137976934,512.9856018632477,573.5651813969486,629.1299597124386,556.2976717273912,675.4382571461346,615.1641819645187,369.33242786591563,608.1002007360635,522.3853544824473,596.8153769261548,668.1822301986516,597.8966722949614,682.5022623274342
labeled-data,BelowKnee_Anterior,img161.png,543.596190548254,373.6527159172622,548.434137976934,513.9531913489836,571.2105209874635,624.4206388934683,555.5127849242294,671.513823130326,608.1002007360634,372.4719750785624,608.1002007360635,520.8155808761239,593.6319643244583,672.0023253206873,598.681559098123,687.9964699495662
labeled-data,BelowKnee_Anterior,img162.png,541.6610115767819,372.68512643152604,548.434137976934,516.8559598061917,571.2105209874635,614.2171104523663,555.5127849242294,664.4498419018707,611.2397479487101,367.76265425959224,599.4664459012847,515.321373253992,589.2190520711331,676.7116461396574,592.4024646728294,698.98488519383
labeled-data,BelowKnee_Anterior,img163.png,542.628601062518,370.74994746005405,552.304495919878,514.9207808347196,568.8558605779783,601.6589216017791,555.5127849242294,662.0951814923857,605.3260588885651,368.41891445304407,595.5420118854762,512.1818260413452,586.4197788131806,678.5778283116258,586.1233702475358,713.1128476507406
labeled-data,BelowKnee_Anterior,img164.png,542.628601062518,374.62030540299816,551.3369064341421,519.7587282633997,570.4256341843018,589.8856195543535,559.437218940038,658.9556342797389,609.4872716598124,371.55846166569086,595.5420118854762,512.1818260413452,585.3384834443741,680.9324887211109,582.983823034889,712.3279608475789
labeled-data,BelowKnee_Anterior,img165.png,537.790653633838,374.62030540299816,549.4017274626701,529.4346231207599,573.5651813969486,582.0367515227365,551.5883509084209,655.8160870670921,608.1002007360634,368.7843198181927,595.5420118854762,512.1818260413452,585.3384834443741,677.0080547053024,,
labeled-data,BelowKnee_Anterior,img166.png,536.823064148102,367.8471790028461,538.758243119574,535.2401600351759,571.9954077906251,582.0367515227365,547.6639168926124,655.8160870670921,604.4125454756937,365.8815513609847,595.5420118854762,512.1818260413452,583.5766401661787,667.6937519611348,,
labeled-data,BelowKnee_Anterior,img167.png,538.758243119574,367.8471790028461,532.9527062051579,528.4670336350238,570.4256341843018,583.60652512906,545.3092564831273,655.0312002639304,606.2936483743011,365.9356274338491,597.1117854917995,512.1818260413452,585.6348920100189,664.2577961828432,582.983823034889,706.833753225447
labeled-data,BelowKnee_Anterior,img168.png,537.790653633838,363.976821059902,524.2444008335337,516.8559598061917,564.9314265621698,592.2402799638387,535.1057280420252,660.5254078860623,607.5520926883404,364.49448043723555,597.8966722949613,516.8911468603153,584.3615269693403,661.1182489701964,582.983823034889,708.4035268317704
labeled-data,BelowKnee_Anterior,img169.png,531.0175272336859,362.04164208842997,526.1795798050058,511.0504228917756,555.5127849242294,603.2286952081024,523.3324259945997,670.7289363271643,602.0578850662085,360.0219383737042,597.8966722949613,516.8911468603153,582.1989362317272,655.8161110199364,576.7047286095955,703.6942060128002
labeled-data,BelowKnee_Anterior,img170.png,531.985116719422,359.13887363122194,530.0499377479499,507.18006494883156,546.0941432862891,618.1415444681747,518.6231051756296,689.5662196030452,600.3054087773107,360.57004642142704,597.1117854917995,521.6004676792855,585.3384834443741,655.0312242167747,580.629162625404,702.1244324064769
labeled-data,BelowKnee_Anterior,img171.png,532.9527062051579,354.300926202542,529.0823482622138,498.4717595772074,540.5999356641571,629.9148465156003,514.6986711598211,695.0604272251771,602.0578850662085,357.72135403708353,595.5420118854762,520.0306940729622,585.3384834443741,643.8068739115895,582.983823034889,694.2755643748599
labeled-data,BelowKnee_Anterior,img172.png,533.9202956908939,357.20369465975,530.0499377479499,496.5365806057355,526.4719732072465,648.7521297914811,512.3440107503359,702.1244084536324,601.8751823836342,358.87164620539386,601.0362195076082,519.2458072698005,588.8183046117152,641.4960788911538,584.5535966412124,690.3511303590512
labeled-data,BelowKnee_Anterior,img173.png,533.9202956908938,359.13887363122205,531.0175272336859,497.50417009147145,521.7626523882764,659.7405450357448,513.1288975534976,703.6941820599558,606.53042712974,361.7744146626018,604.1757667202548,518.4609204666388,590.0478042633442,640.1183749567024,584.5535966412124,689.5662435558895
labeled-data,BelowKnee_Anterior,img174.png,541.661011576782,365.912000031374,531.9851167194219,498.4717595772074,520.1928787819529,667.5894130673619,512.3440107503359,694.2755404220154,605.562837644004,366.6664381641463,605.7455403265783,522.3853544824473,588.6262349398432,633.0105283391977,586.1233702475358,684.0720359337577
labeled-data,BelowKnee_Anterior,img175.png,537.790653633838,372.6851264315261,533.9202956908939,500.4069385486795,518.3863264201907,671.3311444005961,515.4835579629828,683.2871251777516,609.6699743423868,367.26862228473374,603.3908799170932,515.3213732539921,589.5593260258274,631.929232970391,588.4780306570209,676.2231679021406
labeled-data,BelowKnee_Anterior,img176.png,536.823064148102,368.81476848858205,531.0175272336859,499.4393490629435,520.1356889376826,665.274126562328,516.7813837117297,679.4346208123166,607.2612378600372,370.0543237838807,603.3227799084578,510.80339830815694,586.1233702475358,621.8013779454852,586.8993634534672,672.04725296248
labeled-data,BelowKnee_Anterior,img177.png,537.7906536338379,375.5878948887341,529.0823482622138,517.8235492919277,525.2135288932072,683.868834834358,517.7489731974658,697.432941212171,606.2936483743011,372.28035758365587,603.9594624287971,515.9219898813254,589.0261387047439,628.6826564913663,590.7697213964113,678.8203793626323
labeled-data,BelowKnee_Anterior,img178.png,530.0499377479498,379.45825283167824,528.1147587764779,508.1476544345676,521.7626523882764,678.5778283116257,515.4835579629828,703.6941820599558,604.1757667202548,380.06358989075983,599.4664459012847,523.9551280887708,589.2629174601825,615.4027447149458,588.4780306570209,666.0196394610385
labeled-data,BelowKnee_Anterior,img179.png,532.952706205158,379.45825283167824,529.0823482622138,510.0828334060396,527.2568600104082,678.5778283116257,514.6986711598211,709.1883896820877,603.7562852822418,379.6441084527467,601.8211063107698,522.3853544824474,592.5506689556519,609.612128527169,587.6931438538592,662.09520544523
